<?xml version="1.0" encoding="UTF-8" standalone="yes"?>
<addon id="metadata.common.trakt.tv"
       name="trakt-tv common scraper functions"
       version="1.1.1"
       provider-name="Team XBMC">
  <requires>
    <import addon="xbmc.metadata" version="1.0"/>
  </requires>
  <extension point="xbmc.metadata.scraper.library"
             library="trakttv.xml"/>
  <extension point="xbmc.addon.metadata">
    <platform>all</platform>
    <minversion>20000</minversion>
    <summary lang="bg">Библиотека за сваляне на инф. от trakt.tv</summary>
    <summary lang="en">trakt.tv Scraper Library</summary>
    <summary lang="es">Scraper de peliculas de trakt.tv</summary>
    <summary lang="fi">trakt.tv elokuvatietojen lataajan kirjasto</summary>
    <summary lang="fr">Scraper trakt.tv</summary>
    <summary lang="hu">trakt.tv leolvasó-könyvtár</summary>
    <summary lang="nl">trakt.tv-scraperfuncties</summary>
    <summary lang="pl">Scraper biblioteki trakt.tv</summary>
    <summary lang="pt">Scraper de filmes trakt.tv</summary>
    <summary lang="ro">Bibliotecă catalog trakt.tv</summary>
    <summary lang="ru">Обработчик для trakt.tv</summary>
    <summary lang="se">Skrapebibliotek för trakt.tv</summary>
    <summary lang="zh">trakt.tv刮削器代码库</summary>
    <description lang="bg">Сваля миниатюри и fanarts от www.trakt.tv</description>
    <description lang="en">Download thumbs and fanarts from www.trakt.tv</description>
    <description lang="es">Descarga posters y fanart de www.trakt.tv</description>
    <description lang="fi">Lataa pienoiskuvia ja fanitaidetta www.trakt.tv -sivustolta</description>
    <description lang="fr">Télécharge vignettes et backdrops depuis www.trakt.tv</description>
    <description lang="hu">Bélyeg- és fanartképek letöltése a www.trakt.tv webhelyről</description>
    <description lang="nl">Miniaturen en fanart ophalen van www.trakt.tv</description>
    <description lang="pl">Pobieraj ikony i fanarty z www.trakt.tv</description>
    <description lang="pt">Descarregar informação de filmes de www.trakt.tv</description>
    <description lang="ro">Descărcați miniaturi și imagini realizate de fani de pe www.trakt.tv</description>
    <description lang="ru">Загружать миниатюры и фанарт с www.trakt.tv</description>
    <description lang="se">Ladda ner miniatyrer och fanart från www.trakt.tv</description>
    <description lang="zh">从www.trakt.tv下载海报和同人画</description>
  </extension>
</addon>
