﻿<?xml version="1.0" encoding="UTF-8"?>
<addon
  id="webinterface.awxi"
  version="0.6.4"
  name="AWXi"
  provider-name="MKay, Mizaki et al">
  <requires>
    <import addon="xbmc.gui" version="4.0.0"/>
    <import addon="xbmc.json" version="6.0.0"/>
  </requires>
  <extension
    point="xbmc.gui.webinterface"/>
  <extension point="xbmc.addon.metadata">
  <summary lang="be">AWXi - Ajax based Webinterface for XBMC</summary>
  <summary lang="bg">AWXi - уебинтерфейс базиран на Ajax за XBMC</summary>
  <summary lang="de">AWXi - Ajax basiertes Webinterface fuer XBMC</summary>
  <summary lang="el">AWXi - Διεπαφή Ιστού βασισμένη στο Ajax για το XBMC</summary>
  <summary lang="en">AWXi - Ajax based Webinterface for XBMC</summary>
  <summary lang="es">AWXi - Interfaz web basada en Ajax para XBMC</summary>
  <summary lang="fi">AWXi - Ajax-pohjainen webbikäyttöliittymä XBMC:lle</summary>
  <summary lang="fr">AWXi - Interface web de type Ajax pour XBMC</summary>
  <summary lang="he">AWXi - Ajax based Webinterface for XBMC</summary>
  <summary lang="hu">AWXi - Ajax alapú webes kezelőfelület az XBMC-hez</summary>
  <summary lang="it">AWXi - Interfaccia Web basata su Ajax per XBMC</summary>
  <summary lang="ko">AWXi - XBMC를 위한 Ajax 기반의 웹인터페이스</summary>
  <summary lang="lt">AWXi - Ajax interneto sąsaja į XBMC</summary>
  <summary lang="pl">AWXi - oparty na Ajaxie Interfejs WWW dla XBMC</summary>
  <summary lang="pt_BR">AWXi - Webinterface baseado Ajax para XBMC</summary>
  <summary lang="sk">AWXi - webové rozhranie pre XBMC založené na technológii Ajax</summary>
  <summary lang="sv">AWXi - Ajaxbaserat webbgränssnitt för XBMC</summary>
  <summary lang="zh">AWXi - 基于Ajax的XBMC Web界面</summary>
  <summary lang="cz">AWXi - Webové rozhraní Ajax pro XBMC</summary>
  <description lang="be">You can use this webinterface to control the Audio/Video Section of XBMC: play/pause/stop/skip, show artists/albums/movies/tv shows and play them or add them to the playlist. It's designed for use on PCs or laptops with a browser like FireFox which supports JavaScript.&#10;&#10;Minimum requirements: XBMC Frodo &#10;Tested Browsers:&#10; - FireFox&#10; - Chromium&#10; - Internet Explorer 9&#10;Not supported: Internet Explorer 6&#10;&#10;Hint: You may need to clear your browser-cache before you open the new installed/updated webinterface in your browser. It is highly recommended that you use a browser capable of using web sockets. IE 9 is not one of them.</description>
  <description lang="bg">Чрез уебинтерфейсът можете да: контролирате Музикалната и Видео секцията на XBMC - възпроизвеждане, пауза, стоп, пропускане; прегледате артистите, албумите, филмите и ТВ сериали, да ги възпроизведете или добавите към плейлист. Изграден е за ползване от компютри или лаптопи с браузър, като FireFox, който поддържа JavaScript.&#10;&#10;Минимални изисквания: XBMC Frodo &#10;Изпробвани браузъри:&#10; - FireFox&#10; - Chromium&#10; - Internet Explorer 9&#10;Браузъри, които не се поддържат: Internet Explorer 6&#10;&#10;Съвет: Може да се наложи да изчистите кеша на браузъра преди да отворите нов прозорец на новоинсталиран/актуализиран уебинтерфейс. Препоръчително е ползването на браузър който поддържа web sockets. Internet Explorer 9 не поддържа.</description>
  <description lang="de">Mit diesem Webinterface laesst sich die Audio- und Video-Sektion von XBMC steuern: play/pause/stop/skip, sowie Anzeigen/Abspielen von Interpreten/Alben/Filmen/Serien. Es wurde fuer den Einsatz an einem PC oder Laptop mit einem JavaScript-faehigen Browser wie FireFox entwickelt.&#10;&#10;Mindestvoraussetzung: XBMC Eden&#10;Getestete Browser:&#10; - FireFox&#10; - Chromium&#10; - Internet Explorer 9&#10;Nicht unterstuetzt: Internet Explorer 6&#10;&#10;Hinweis: Sie muessen Ihren Browser-Cache leeren bevor Sie das neu installierte/aktualisierte Webinterface in Ihrem Browser laden.</description>
  <description lang="el">Μπορείτε να χρησιμοποιήσετε αυτή τη διεπαφή ιστού για να ελέγχετε το Τμήμα Βίντεο/Ήχου του XBMC: αναπαραγωγή/παύση/διακοπή/παράλειψη, προβολή καλλιτεχνών/άλμπουμ/ταινιών/τηλεοπτικών σειρών και αναπαραγωγή ή προσθήκη τους στη λίστα αναπαραγωγής. Είναι σχεδιασμένο για χρήση σε υπολογιστές με προγράμματα περιήγησης όπως το FireFox που υποστηρίζουν JavaScript.&#10;&#10;Ελάχιστες απαιτήσεις: XBMC Frodo&#10;Δοκιμασμένοι Περιηγητές:&#10; - FireFox&#10; - Chromium&#10; - Internet Explorer 9&#10;Δεν υποστηρίζεται: Internet Explorer 6&#10;&#10;Υπόδειξη: Μπορεί να χρειαστεί να καθαρίσετε τον περιηγητή σας ή τη λανθάνουσα μνήμη προτού ανοίξετε τη νέα εγκατάσταση της διεπαφής ιστού στον περιηγητή σας. Προτείνεται ανεπιφύλακτα η χρήση ενός περιηγητή με δυνατότητα χρήσης web sockets. Ο IE 9 δεν είναι ένας από αυτούς.</description>
  <description lang="en">You can use this webinterface to control the Audio/Video Section of XBMC: play/pause/stop/skip, show artists/albums/movies/tv shows and play them or add them to the playlist. It's designed for use on PCs or laptops with a browser like FireFox which supports JavaScript.&#10;&#10;Minimum requirements: XBMC Frodo &#10;Tested Browsers:&#10; - FireFox&#10; - Chromium&#10; - Internet Explorer 9&#10;Not supported: Internet Explorer 6&#10;&#10;Hint: You may need to clear your browser-cache before you open the new installed/updated webinterface in your browser. It is highly recommended that you use a browser capable of using web sockets. IE 9 is not one of them.</description>
  <description lang="es">Podes usar esta interfaz web para controlar la sección de Audio/Video de XBMC: reproducir/pausa/stop/omitir, mostrar artistas/albums/peliculas/series de tv y reproducirlas o agregarlas a la lista de reproducción. Está diseñado para ser usado en PC o portatiles con un explorador como FireFox que soporte JavaScript.⏎ ⏎ Requerimientos mínimos: XBMC Frodo ⏎ Exploradores probados:⏎ - FireFox⏎ - Chromium⏎ - Internet Explorer 9⏎ NO soportados: Internet Explorer 6⏎ ⏎ Ayuda: Quizás necesites limpiar el cache de tu explorador antes de abrir tu nueva instalación/actualización de de la interfaz web. Es altamente recomendable usar un explorador con capacidad de usar web sockets. IE 9 no es una de ellos.</description>
  <description lang="pl">Ten Interfejs WWW pozwala kontrolować wybór, dodawanie do kolejki i proces odtwarzania zasobów audio / wideo, a wszystko to przy pomocy wygodnego interfejsu prezentującego zasoby multimedialne przy użyciu miniatur filmów, seriali tv, wykonawców i albumów muzycznych. AWXi został zaprojektowany do użytkowania na komputerach osobistych lub notebookach w przeglądarce obsługującej JavaScript, takiej jak FireFox.&#10;&#10;Minimalne wymagania: XBMC Eden &#10;Przetestowane przeglądarki internetowe:&#10; - FireFox&#10; - Chrome&#10; - Internet Explorer 9&#10;Nie obsługiwane: Internet Explorer 6&#10;&#10;Wskazówka: Po instalacji / aktualizacji, przed uruchomieniem AWX może być konieczne wyczyszczenie cache przeglądarki.</description>
  <description lang="sv">Du kan använda detta webbgränsnitt för att kontrollera ljud/video-sektionen av XBMC: spela/pausa/stoppa/hoppa över, visa artister/album/filmer/tv-serier och spela dem eller lägga till dom i spellistan. Det är designat att användas på PC eller bärbara med en webbläsare likt FireFox som stödjer JavaScript.&#10;&#10;Minimum krav: XBMC Frodo&#10;Veriferade webbläsare:&#10;- FireFox&#10;- Chromium&#10;- Internet Explorer 9&#10;Inte stödda: Internet Explorer 6&#10;&#10;Tips: Du kan behöva rensa din webbläsarbuffert före du öppnar det nyinstallerade/uppdaterade webbgränssnittet i din läsare. Det är rekommenderat att du använder en läsare som kan använda webbsockets. IE 9 är inte en av dessa.</description>
  <description lang="zh">你可以使用此Web界面控制XBMC音/视频：播放/暂停/停止/跳过，显示艺术家/专辑/电影/剧集并播放或加入播放列表。用于台式机或便携机上支持JavaScript的浏览器，如FireFox。[CR][CR]最低要求：XBMC (pre) Eden[CR]测试浏览器：[CR] - FireFox[CR] - Chromium[CR] - Internet Explorer 9[CR]不支持：Internet Explorer 6[CR][CR]提示：当你在浏览器打开新安装或升级的Web界面前，可能需要先清除浏览器缓存。</description>
  <language>en cz</language>
  <platform>all</platform>
  </extension>
</addon>

