<?xml version="1.0" ?>
<channels xmlns="http://xsd.rieter.net/net.rieter.xot/channels">
    <channel>
        <guid>66756700-6255-4973-AFFB-A1DE4FAF8678</guid>
        <name>VTM Nieuws</name>
        <description>Online uitzendingen van VTM Nieuws.</description>
        <icon>vtmicon.png</icon>
        <iconlarge>vtmlarge.png</iconlarge>
        <category>National</category>
        <channelcode>vtmnieuws</channelcode>
        <sortorder>122</sortorder>
        <language>be</language>
    </channel>
</channels>