<?xml version="1.0" encoding="UTF-8" standalone="yes"?>
<addon id="script.tvtunes" name="TvTunes" version="3.0.8" provider-name="Ppic|Frost|ronie">
	<requires>
		<import addon="xbmc.python" version="2.1.0"/>
		<import addon="script.module.simplejson" version="2.0.10"/>
	</requires>
	<extension point="xbmc.python.script" library="default.py">
		<provides>executable</provides>
	</extension>
	<extension point="xbmc.addon.metadata">
	
		<summary lang="ca">Obtenir i reproduir els temes dels seus programes de televisió</summary>
	
		<summary lang="de">Hole und spiele dein TV-Sendungs-Soundthema</summary>
	
		<summary lang="el">Λήψη και αναπαραγωγή μουσικών Θεμάτων (TvTunes) των τηλεοπτικών σειρών σας</summary>
	
		<summary lang="en">Get and play your Tv shows sound Theme</summary>
	
		<summary lang="es">Descarga y reproduce las bandas sonoras de las series de tu biblioteca</summary>
	
		<summary lang="fr">Récupérez et écoutez les génériques des séries TV</summary>
	
		<summary lang="gl">Obter e reproducir a música das súas Series de TV</summary>
	
		<summary lang="he">קבל ונגן את שירי הנושא של תוכניות הטלוויזיה שלך</summary>
	
		<summary lang="hr">Nabavite i reproducirajte zvučnu temu vaše omiljene TV serije</summary>
	
		<summary lang="it">Ottieni ed esegui i temi musicali delle tue Serie tV</summary>
	
		<summary lang="pl">Pobierz i odtwórz tematy muzyczne z twoich Seriali</summary>
	
		<summary lang="pt">Obtenha e reproduza as músicas das suas séries de TV.</summary>
	
		<summary lang="pt_BR">Obtenha e reproduza o tema musical das suas séries de TV</summary>
	
		<summary lang="sv">Hämtar och spelar dina TV-serier-teman</summary>
	
		<description lang="ca">Aquest script t'ajudarà a cercar la banda sonora de les teves sèries en www.televisiontunes.com es guardarà un fitxer theme.mp3 al directori de la teva sèrie i serà reproduït mentre navegues per dins de la carpeta de la sèrie. (Necessites un skin compatible per a aquesta funcionalitat)</description>
	
		<description lang="de">Dieses Script wird dir helfen, die Themen deiner TV-Sendungs-Datenbank von www.televisiontunes.com zu holen und diese in der theme.mp3 deiner TV-Sendungs-Ordner zu speichern. Diese werden dann abgespielt, wenn du in deiner TV-Sendungs Datenbank oder dem TV-Sendungs-Ordner stöberst (benötigt ein kompatibeles Skin)</description>
	
		<description lang="el">Αυτό το script θα σας βοηθήσει να κατεβάσετε μουσικά θέματα των τηλεοπτικών σας σειρών από το www.televisiontunes.com, θα τα αποθηκεύει σε αρχεία μορφής theme.mp3 στο φάκελο της εκάστοτε σειράς, και θα τα αναπαράγει κατά την περιήγησή σας στη συλλογή τηλ. σειρών σας (απαιτείται να υποστηρίζεται από το κέλυφός σας)</description>
	
		<description lang="en">This script will help you to get theme of your tvshow library from www.televisiontunes.com it will save them in theme.mp3 file in each of your tvshow folder then they will be play while browsing your tvshow library when you enter the tvshow folder (need your skin to be compatible for this feature)</description>
	
		<description lang="es">Este script te ayudará a buscar la banda sonora de tus series en www.televisiontunes.com se guardará un fichero theme.mp3 en el directorio de tu serie y será reproducido mientras navegas por dentro de la carpeta de la serie. (Necesitas una skin compatible para esta funcionalidad)</description>
	
		<description lang="fr">Ce script vous aidera à télécharger vos génériques de série depuis www.televisiontunes.com Il les enregistrera dans un fichier theme.mp3 dans vos répertoires de série, ils seront ensuite joué lorsque vous entrerez dans la série correspondante (cette fonctionalité requiert une skin compatible)</description>
	
		<description lang="gl">Este script axudaralle a obter dende www.televisiontunes.com o tema da súa biblioteca de series, gardándoo no ficheiro theme.mp3 por cada cartafol da biblioteca entón reproduciranse ao entrar nos diferentes cartafoles ao navegar pola biblioteca (precisa de que o seu tema sexa compatíbel con esta carácteristica)</description>
	
		<description lang="hr">Ova skripta će vam pomoći u nabavi glazbene teme za vašu zbirku TV serija sa www.televisiontunes.com spremiti će ih u theme.mp3 datoteku u svakoj mapi vaših TV serija. Zatim će se reproducirati tijekom pregleda zbirke vaše TV serije (vaša presvlaka mora biti kompatibilna sa ovom značajkom)</description>
	
		<description lang="it">Questo script ti aiuterà ad ottenere il tema delle serie tv presenti nella tua libreria da www.televisiontunes.com, li salverà nel file theme.mp3 in ogni cartella delle tue serie così quando sfoglierai la serie tv il tema sarà eseguito (il tuo skin deve essere compatibile)</description>
	
		<description lang="pl">Skrypt pozwoli ci na pobranie tematów muzycznych twoich seriali z www.televisiontunes.com oraz zapisanie ich w pliku o formacie mp3 w każdym z folderów zawierających  twoje seriale które następnie zostaną odtworzone kiedy będziesz przeglądał zawartość biblioteki z serialami lub wejdziesz do folderu je zawierające (potrzebujesz skóry obsługującej tą funkcjonalność)</description>
	
		<description lang="pt">Com este addon, poderá obter as músicas das séries TV na sua biblioteca a partir de televisiontunes.com. Serão guardadas num ficheiro theme.mp3 dentro das pastas das séries TV, e reproduzidas durante a navegação pelas temporadas e episódios (é necessário um tema compatível).</description>
	
		<description lang="pt_BR">Este script ajudará você a obter o tema da sua coleção de séries de TV de www.televisiontunes.com, que serão salvos em um arquivo theme.mp3 em cada uma das pastas de suas séries e serão reproduzidos sempre que você acessar uma série na sua coleção (a skin precisa ser compatível com este recurso)</description>
	
		<description lang="sv">Detta skript hjälper dig att hitta teman till ditt tv-seriebibliotek från www.televisiontunes.com som sparas i theme.mp3 filer i varje tv-seriemapp som sedan spelas när du öppnar tv-seriemappen (ditt skal måste vara kompatibelt för detta)</description>
	
		<disclaimer lang="ca">Skinners, siusplau, reviseu CHANGELOG.txt per saber com integrar-lo a les vostres skins</disclaimer>
	
		<disclaimer lang="de">Skin-Ersteller, bitte seht die changelog.txt um zu wissen, wie ihr es in euer Skin integriert</disclaimer>
	
		<disclaimer lang="el">Skinners, ελέγξτε το αρχείο καταγραφής changelog.txt για πληροφορίες σχετικά με την ενσωμάτωση στο κέλυφός σας</disclaimer>
	
		<disclaimer lang="en">Skinners, please see changelog.txt to know how to integrate it in your skin</disclaimer>
	
		<disclaimer lang="es">Skinners, por favor, revisad changelog.txt para saber como integrarlo en vuestras skins</disclaimer>
	
		<disclaimer lang="fr">Skinneurs, lisez le changelog.txt pour obtenir les infos pour l'intégrer à votre skin</disclaimer>
	
		<disclaimer lang="gl">Autores de temas, por favor vexan o changelog.txt para saber como integrar tvtunes no seu tema</disclaimer>
	
		<disclaimer lang="hr">Pogledajte zapis promjena 'changelog.txt' za integraciju dodatka u vašu presvlaku</disclaimer>
	
		<disclaimer lang="it">Skinners, guardate il file changelog.txt per sapere come integrare lo script nello skin</disclaimer>
	
		<disclaimer lang="pl">Twórcy skórek proszę przeglądnijcie changelog.txt by wiedzieć w jaki sposób zintegrować swoje skóry</disclaimer>
	
		<disclaimer lang="pt">Autores dos temas, por favor vejam o changelog.txt para saber como integrar TVTunes nos vossos temas.</disclaimer>
	
		<disclaimer lang="pt_BR">Criadores de skins, por favor vejam o changelog.txt para aprender como integrá-lo à sua skin</disclaimer>
	
		<disclaimer lang="sv">Skalförfattare, var vänlig läs changelog.txt för instruktioner hur du integrerar detta i ditt skal</disclaimer>
	
		<language></language>
	
		<platform>all</platform>
	
		<forum>http://forum.xbmc.org/showthread.php?tid=83925</forum>
	
		<source>https://code.google.com/p/ronie/source/</source>
	</extension>
</addon>
