<?xml version="1.0" ?>
<channels>
    <channel>
        <guid>F9616B7C-5CC8-11E1-8F40-43194824019B</guid>
        <name>Southpark Sweden</name>
        <description>Southpark Epsides for playback in Sweden.</description>
        <icon>southparkicon.png</icon>
        <iconlarge>southparklarge.png</iconlarge>
        <channelcode>southpark.se</channelcode>
        <language>se</language>
        <compatible>Environments.NoPlatform</compatible>
    </channel>
    
    <channel>
        <guid>3ac3d6d0-5b2a-11dd-ae16-0800200c9a66</guid>
        <name>Southpark.NL</name>
        <description>Southpark Epsides for playback in The Netherlands.</description>
        <icon>offloneicon.png</icon>
        <iconlarge>southparklarge.png</iconlarge>
        <channelcode>southpark</channelcode>
        <language>nl</language>
        <compatible>Environments.NoPlatform</compatible>
    </channel>
</channels>