<window type="dialog" id="3020">
    <defaultcontrol always="true">3</defaultcontrol>
    <onunload>ClearProperty(Close,3020)</onunload>
    <visible>Window.IsActive(3020) + Window.IsActive(Home)</visible>
    <controls>
        <control type="GroupList">
            <description>Button labels</description>
            <animation type="WindowOpen">
                <effect type="fade" start="0" end="100" tween="sine" easing="inout" time="200" />
                <effect type="zoom" start="0,229,1920,1" end="0,170,1920,70" tween="sine" easing="out" time="200" />
            </animation>
            <animation type="WindowClose" condition="!IsEmpty(Window(3020).Property(Close))">
                <effect type="fade" start="100" end="0" tween="sine" easing="inout" time="200" />
                <effect type="zoom" start="0,170,1920,70" end="0,229,1920,1" tween="sine" easing="out" time="200" />
            </animation>
            <animation type="WindowClose" condition="IsEmpty(Window(3020).Property(Close))">
                <effect type="fade" start="100" end="0" time="250" tween="sine" easing="out" />
                <effect type="slide" start="0,0" end="0,-75" time="300" tween="sine" easing="out" />
            </animation>
            <posx>0</posx>
            <posy>170</posy>
            <width>1920</width>
            <height>70</height>
            <align>center</align>
            <orientation>horizontal</orientation>
            <usecontrolcoords>true</usecontrolcoords>
            <itemgap>45</itemgap>
            <control type="label">
                <description>Root</description>
                <include>HomeLabel</include>
                <label>$LOCALIZE[3]</label>
                <animation effect="fade" start="100" end="30" time="300" tween="cubic" easing="inout" condition="!Container(3).HasFocus(1)">Conditional</animation>
                <animation effect="zoom"  start="100" end="80" time="300" tween="cubic" easing="inout" center="auto" condition="!Container(3).HasFocus(1)">Conditional</animation>
            </control>
            <control type="label">
                <description>Files</description>
                <include>HomeLabel</include>
                <label>$LOCALIZE[744]</label>
                <animation effect="fade" start="100" end="30" time="300" tween="cubic" easing="inout" condition="!Container(3).HasFocus(2)">Conditional</animation>
                <animation effect="zoom"  start="100" end="80" time="300" tween="cubic" easing="inout" center="auto" condition="!Container(3).HasFocus(2)">Conditional</animation>
            </control>
            <control type="label">
                <description>Genres</description>
                <include>HomeLabel</include>
                <label>$LOCALIZE[135]</label>
                <animation effect="fade" start="100" end="30" time="300" tween="cubic" easing="inout" condition="!Container(3).HasFocus(3)">Conditional</animation>
                <animation effect="zoom"  start="100" end="80" time="300" tween="cubic" easing="inout" center="auto" condition="!Container(3).HasFocus(3)">Conditional</animation>
            </control>
            <control type="label">
                <description>Years</description>
                <include>HomeLabel</include>
                <label>$LOCALIZE[652]</label>
                <animation effect="fade" start="100" end="30" time="300" tween="cubic" easing="inout" condition="!Container(3).HasFocus(4)">Conditional</animation>
                <animation effect="zoom"  start="100" end="80" time="300" tween="cubic" easing="inout" center="auto" condition="!Container(3).HasFocus(4)">Conditional</animation>
            </control>
            <control type="label">
                <description>Actors</description>
                <include>HomeLabel</include>
                <label>$LOCALIZE[344]</label>
                <animation effect="fade" start="100" end="30" time="300" tween="cubic" easing="inout" condition="!Container(3).HasFocus(5)">Conditional</animation>
                <animation effect="zoom"  start="100" end="80" time="150" tween="sine" easing="inout" center="auto" condition="!Container(3).HasFocus(5)">Conditional</animation>
            </control>
            <control type="label">
                <description>Directors</description>
                <include>HomeLabel</include>
                <label>$LOCALIZE[20348]</label>
                <animation effect="fade" start="100" end="30" time="300" tween="cubic" easing="inout" condition="!Container(3).HasFocus(6)">Conditional</animation>
                <animation effect="zoom"  start="100" end="80" time="150" tween="sine" easing="inout" center="auto" condition="!Container(3).HasFocus(6)">Conditional</animation>
            </control>
            <control type="label">
                <description>Studios</description>
                <include>HomeLabel</include>
                <label>$LOCALIZE[20388]</label>
                <animation effect="fade" start="100" end="30" time="300" tween="cubic" easing="inout" condition="!Container(3).HasFocus(7)">Conditional</animation>
                <animation effect="zoom"  start="100" end="80" time="300" tween="cubic" easing="inout" center="auto" condition="!Container(3).HasFocus(7)">Conditional</animation>
            </control>
            <control type="label">
                <description>Countries</description>
                <include>HomeLabel</include>
                <label>$LOCALIZE[20451]</label>
                <animation effect="fade" start="100" end="30" time="300" tween="cubic" easing="inout" condition="!Container(3).HasFocus(8)">Conditional</animation>
                <animation effect="zoom"  start="100" end="80" time="300" tween="cubic" easing="inout" center="auto" condition="!Container(3).HasFocus(8)">Conditional</animation>
            </control>
            <control type="image">
                <posx>0</posx>
                <posy>12</posy>
                <width>32</width>
                <height>38</height>
                <texture>windows/home/update-library.png</texture>
                <animation effect="fade" start="100" end="30" time="300" tween="cubic" easing="inout" condition="!Container(3).HasFocus(9)">Conditional</animation>
                <animation effect="zoom"  start="100" end="80" time="300" tween="cubic" easing="inout" center="16,50" condition="!Container(3).HasFocus(9)">Conditional</animation>
                <animation effect="rotate" center="16,34" start="360" end="0" time="1000" loop="true" condition="Library.IsScanningVideo">Conditional</animation>
            </control>
        </control>
        
        <control type="wraplist" id="3">
            <description>Control list</description>
            <posx>0</posx>
            <posy>0</posy>
            <height>2</height>
            <width>2</width>
            <onleft>3</onleft>
            <onright>3</onright>
            <onup>SetProperty(Close,1)</onup>
            <onup>PreviousMenu</onup>
            <ondown>SetProperty(Close,1)</ondown>
            <ondown>PreviousMenu</ondown>
            <orientation>horizontal</orientation>
            <scrolltime>0</scrolltime>
            <viewtype>list</viewtype>
            <itemlayout width="2" height="2"/>
            <focusedlayout width="2" height="2"/>
            <content>
                <item id="1">
                    <label>-</label>
                    <onclick>PreviousMenu</onclick>
                    <onclick>ActivateWindow(videos,root)</onclick>
                </item>
                <item id="2">
                    <label>-</label>
                    <onclick>PreviousMenu</onclick>
                    <onclick>ActivateWindow(videos,files,return)</onclick>
                </item>
                <item id="3">
                    <label>-</label>
                    <onclick>PreviousMenu</onclick>
                    <onclick>ActivateWindow(videos,moviegenres,return)</onclick>
                </item>
                <item id="4">           
                    <label>-</label>
                    <onclick>PreviousMenu</onclick>
                    <onclick>ActivateWindow(videos,movieyears,return)</onclick>
                </item>
                <item id="5">               
                    <label>-</label>
                    <onclick>PreviousMenu</onclick>
                    <onclick>ActivateWindow(videos,movieactors,return)</onclick>
                </item>
                <item id="6">               
                    <label>-</label>
                    <onclick>PreviousMenu</onclick>
                    <onclick>ActivateWindow(videos,moviedirectors,return)</onclick>
                </item>
                <item id="7">           
                    <label>-</label>
                    <onclick>PreviousMenu</onclick>
                    <onclick>ActivateWindow(videos,moviestudios,return)</onclick>
                </item>
                <item id="8">           
                    <label>-</label>
                    <onclick>PreviousMenu</onclick>
                    <onclick>ActivateWindow(videos,moviecountries,return)</onclick>
                </item>
                <item id="9">           
                    <label>-</label>
                    <onclick condition="!Library.IsScanningVideo">UpdateLibrary(video)</onclick>
                </item>
            </content>
        </control>        
    </controls>
</window>