<window>
    <defaultcontrol always="true">50</defaultcontrol>
    <allowoverlay>no</allowoverlay>
    <backgroundcolor>0</backgroundcolor>
    <controls>
        <include>CommonPlaylistEditorItems</include>
        <include>PlaylistEditorHeader</include>
        <control type="group">
            <include>OptionsShutdownAnimation</include>
            <control type="group">
                <animation type="WindowClose">
                    <effect type="fade" start="100" end="0" time="300" tween="sine" easing="out" />
                    <effect type="zoom" start="100" end="85" time="300" center="960,600" tween="sine" easing="out" />
                </animation>
                <animation type="WindowOpen">
                    <effect type="slide" start="200" end="0" tween="cubic" easing="out" time="650" />
                    <effect type="fade" start="0" end="100" tween="sine" easing="inout" time="300" />
                    <effect type="zoom" start="88" end="100" center="576,560" tween="cubic" easing="out" time="400" />
                </animation>
                <animation type="Visible" condition="IsEmpty(Window(home).property(NoAnimation)) + !Window.Next(visualisation)" reversible="false">
                    <effect type="slide" start="200" end="0" tween="cubic" easing="out" time="650" delay="300" />
                    <effect type="fade" start="0" end="100" tween="sine" easing="inout" time="300" delay="300" />
                    <effect type="zoom" start="88" end="100" center="576,560" tween="cubic" easing="out" time="400" delay="300" />
                </animation>
                <include>GuideNoAnimation</include>
                <animation type="Hidden" reversible="false">
                    <effect type="zoom" start="100" end="125" center="960,600" tween="sine" easing="out" time="350" /> 
                    <effect type="fade" start="100" end="0" tween="cubic" easing="out" time="250" />
                </animation>
                <visible>!Window.IsActive(musicinformation)</visible>
                <!-- Left -->
                <control type="group">
                    <posx>200</posx>
                    <posy>240</posy>
                    <control type="label">
                        <description>Header Label</description>
                        <posx>20</posx>
                        <posy>-40</posy>
                        <width>666</width>
                        <align>left</align>
                        <label>$VAR[MusicPlaylistEditorHeaderLabel]</label>
                        <font>Font-Condensed-S30</font>
                        <textcolor>aawhite</textcolor>
                    </control>
                    <control type="group">
                        <control type="label">
                            <description>Footer Label</description>
                            <posx>20</posx>
                            <posy>603</posy>
                            <width>612</width>
                            <align>left</align>
                            <font>Font-Condensed-S28</font>
                            <textcolor>77white</textcolor>
                            <label>$INFO[Container(50).NumItems,, $LOCALIZE[41817]]</label>
                            <visible>IntegerGreaterThan(Container(50).NumItems,1)</visible>
                            <animation type="Visible" reversible="false">
                                <effect type="fade" start="0" end="85" time="400" tween="sine" easing="inout" />
                                <effect type="slide" start="0,-80" end="0,0" time="550" tween="back" easing="out" />
                            </animation>
                            <animation type="Hidden" reversible="false">
                                <effect type="fade" start="85" end="0" time="400" tween="sine" easing="inout" />
                                <effect type="slide" start="0,0" end="0,-80" time="550" tween="back" easing="in" />
                            </animation>
                        </control>
                        <control type="label">
                            <description>Page Label</description>
                            <posx>732</posx>
                            <posy>603</posy>
                            <width>100</width>
                            <align>right</align>
                            <font>Font-Condensed-S28</font>
                            <label>$INFO[Container(50).CurrentPage]$INFO[Container(50).NumPages,/,]</label>
                            <textcolor>77white</textcolor>
                            <visible>IntegerGreaterThan(Container(50).NumPages,0)</visible>
                            <animation type="Visible" reversible="false">
                                <effect type="fade" start="0" end="85" time="400" tween="sine" easing="inout" />
                                <effect type="slide" start="0,-80" end="0,0" time="550" tween="back" easing="out" />
                            </animation>
                            <animation type="Hidden" reversible="false">
                                <effect type="fade" start="85" end="0" time="400" tween="sine" easing="inout" />
                                <effect type="slide" start="0,0" end="0,-80" time="550" tween="back" easing="in" />
                            </animation>
                        </control>
                    </control>
                    <control type="image">
                        <posx>-100</posx>
                        <posy>607</posy>
                        <width>956</width>
                        <height>150</height>
                        <texture>windows/home/item-shadow.png</texture>
                    </control>
                    <control type="image">
                        <posx>-2</posx>
                        <posy>-3</posy>
                        <width>756</width>
                        <height>604</height>
                        <texture border="4">views/list/panel/panel.png</texture>
                    </control>
                    <control type="list" id="50">
                        <description>Left File List</description>
                        <posx>0</posx>
                        <posy>0</posy>
                        <width>762</width>
                        <height>600</height>
                        <onleft>30</onleft>
                        <onright>100</onright>
                        <onup>50</onup>
                        <ondown>50</ondown>
                        <pagecontrol>30</pagecontrol>
                        <scrolltime>0</scrolltime>
                        <viewtype label="EditorList">EditorList</viewtype>
                        <animation effect="fade" start="100" end="0" time="300" tween="sine" easing="inout" condition="Control.HasFocus(50) + Window.IsActive(contextmenu)">Conditional</animation>
                        <itemlayout height="60">
                            <control type="image">
                                <description>List separator</description>
                                <posx>0</posx>
                                <posy>0</posy>
                                <width>752</width>
                                <height>61</height>
                                <texture border="90,3,90,3">views/list/other/separator.png</texture>
                            </control>
                            <control type="group">
                                <animation effect="fade" start="100" end="0" time="300" tween="sine" easing="inout" condition="Window.IsActive(songinformation)">Conditional</animation>
                                <control type="image">
                                    <posx>5</posx>
                                    <posy>0</posy>
                                    <width>60</width>
                                    <height>60</height>
                                    <texture>$INFO[ListItem.ActualIcon,windows/filemanager/icons/,/fo.png]</texture>
                                    <aspectratio>keep</aspectratio>
                                    <visible>IsEmpty(ListItem.Thumb) | ![stringcompare(ListItem.ActualIcon,DefaultAlbumCover.png) + stringcompare(ListItem.ActualIcon,DefaultAudio.png) + stringcompare(ListItem.ActualIcon,DefaultArtist.png)]</visible>
                                </control>
                                <control type="image">
                                    <posx>15</posx>
                                    <posy>10</posy>
                                    <width>40</width>
                                    <height>40</height>
                                    <texture>$INFO[ListItem.Thumb]</texture>
                                    <aspectratio>keep</aspectratio>
                                    <visible>!IsEmpty(ListItem.Thumb) + [stringcompare(ListItem.ActualIcon,DefaultAlbumCover.png) | stringcompare(ListItem.ActualIcon,DefaultAudio.png) | stringcompare(ListItem.ActualIcon,DefaultArtist.png)]</visible>
                                </control>
                                <control type="label">
                                    <posx>70</posx>
                                    <posy>0</posy>
                                    <width>662</width>
                                    <height>59</height>
                                    <info>ListItem.Label</info>
                                    <font>Font-Condensed-S30</font>
                                    <align>left</align>
                                    <aligny>center</aligny>
                                    <textcolor>77white</textcolor>
                                    <selectedcolor>77white</selectedcolor>
                                    <shadowcolor>22000000</shadowcolor>
                                    <scroll>false</scroll>
                                </control>
                                <control type="label">
                                    <posx>732</posx>
                                    <posy>0</posy>
                                    <width>662</width>
                                    <height>59</height>
                                    <info>ListItem.Label2</info>
                                    <font>Font-Condensed-S27</font>
                                    <align>right</align>
                                    <aligny>center</aligny>
                                    <textcolor>77white</textcolor>
                                    <selectedcolor>77white</selectedcolor>
                                    <shadowcolor>22000000</shadowcolor>
                                    <scroll>false</scroll>
                                </control>
                            </control>
                        </itemlayout>
                        <focusedlayout height="60">
                            <control type="image">
                                <description>List separator</description>
                                <posx>0</posx>
                                <posy>0</posy>
                                <width>752</width>
                                <height>61</height>
                                <texture border="90,3,90,3">views/list/other/separator.png</texture>
                            </control>
                            <control type="group">
                                <animation effect="fade" start="100" end="0" time="300" tween="sine" easing="inout" condition="Window.IsActive(songinformation)">Conditional</animation>
                                <control type="image">
                                    <posx>0</posx>
                                    <posy>0</posy>
                                    <width>752</width>
                                    <height>59</height>
                                    <texture border="150,1,150,1">views/other/focus.png</texture>
                                    <animation type="Focus" condition="Container(50).OnNext" reversible="false">
                                        <effect type="slide" start="0,-60" end="0,0" time="300" tween="back" easing="out" />
                                    </animation>
                                    <animation type="Focus" condition="Container(50).OnPrevious" reversible="false">
                                        <effect type="slide" start="0,60" end="0,0" time="300" tween="back" easing="out" />
                                    </animation>
                                    <include>visiblehidefadeinfo</include>
                                    <visible>Control.HasFocus(50)</visible>
                                </control>
                                <control type="image">
                                    <posx>5</posx>
                                    <posy>0</posy>
                                    <width>60</width>
                                    <height>60</height>
                                    <texture>$INFO[ListItem.ActualIcon,windows/filemanager/icons/,/fo.png]</texture>
                                    <aspectratio>keep</aspectratio>
                                    <visible>IsEmpty(ListItem.Thumb) | ![stringcompare(ListItem.ActualIcon,DefaultAlbumCover.png) + stringcompare(ListItem.ActualIcon,DefaultAudio.png) + stringcompare(ListItem.ActualIcon,DefaultArtist.png)]</visible>
                                </control>
                                <control type="image">
                                    <posx>15</posx>
                                    <posy>10</posy>
                                    <width>40</width>
                                    <height>40</height>
                                    <texture>$INFO[ListItem.Thumb]</texture>
                                    <aspectratio>keep</aspectratio>
                                    <visible>!IsEmpty(ListItem.Thumb) + [stringcompare(ListItem.ActualIcon,DefaultAlbumCover.png) | stringcompare(ListItem.ActualIcon,DefaultAudio.png) | stringcompare(ListItem.ActualIcon,DefaultArtist.png)]</visible>
                                </control>
                                <control type="group">
                                    <animation type="Focus" condition="Container(50).OnNext | Container(50).OnPrevious" reversible="false">
                                        <effect type="fade" start="50" end="100" time="500" tween="sine" easing="inout" />
                                    </animation>
                                    <animation effect="fade" start="100" end="50" time="300" tween="sine" easing="inout" condition="!Control.HasFocus(50)">Conditional</animation>
                                    <control type="label">
                                        <posx>70</posx>
                                        <posy>0</posy>
                                        <width>662</width>
                                        <height>59</height>
                                        <info>ListItem.Label</info>
                                        <font>Font-Condensed-S30</font>
                                        <align>left</align>
                                        <aligny>center</aligny>
                                        <textcolor>eewhite</textcolor>
                                        <selectedcolor>eewhite</selectedcolor>
                                        <shadowcolor>22000000</shadowcolor>
                                        <scroll>false</scroll>
                                    </control>
                                    <control type="label">
                                        <posx>732</posx>
                                        <posy>0</posy>
                                        <width>662</width>
                                        <height>59</height>
                                        <info>ListItem.Label2</info>
                                        <font>Font-Condensed-S27</font>
                                        <align>right</align>
                                        <aligny>center</aligny>
                                        <textcolor>eewhite</textcolor>
                                        <selectedcolor>eewhite</selectedcolor>
                                        <shadowcolor>22000000</shadowcolor>
                                        <scroll>false</scroll>
                                    </control>
                                </control>
                            </control>
                        </focusedlayout>
                    </control>
                    <control type="image" id="32">
                        <animation effect="fade" start="100" end="0" time="0" delay="1500">WindowOpen</animation>
                    </control>
                    <control type="image" id="31">
                        <animation effect="fade" start="0" end="100" time="0">Visible</animation>
                        <animation effect="fade" start="100" end="0" time="0">Hidden</animation>
                        <visible>Control.HasFocus(30) | !Control.IsVisible(32)</visible>
                    </control>
                    <control type="image" id="31">
                        <animation effect="fade" start="0" end="100" time="0">Visible</animation>
                        <animation effect="fade" start="100" end="0" time="0" delay="1500">Hidden</animation>
                        <visible>!Control.HasFocus(30) + [Container(20).Scrolling | Container(20).OnScrollNext | Container(20).OnScrollPrevious]</visible>
                    </control>
                    <control type="scrollbar" id="30">
                        <posx>0</posx>
                        <posy>0</posy>
                        <width>6</width>
                        <height>600</height>
                        <texturesliderbackground>-</texturesliderbackground>
                        <texturesliderbar border="1">views/other/scrollbar-sq.png</texturesliderbar>
                        <texturesliderbarfocus border="1">views/other/scrollbar-sq.png</texturesliderbarfocus>
                        <textureslidernib>-</textureslidernib>
                        <textureslidernibfocus>-</textureslidernibfocus>
                        <onleft>100</onleft>
                        <onright>50</onright>
                        <showonepage>false</showonepage>
                        <orientation>vertical</orientation>
                        <animation effect="fade" start="75" end="0" time="300" tween="sine" easing="inout" condition="!Control.IsVisible(31)">Conditional</animation>
                    </control>
                </control>
            </control>
            <control type="group">
                <animation type="WindowClose">
                    <effect type="fade" start="100" end="0" time="300" tween="sine" easing="out" />
                    <effect type="zoom" start="100" end="85" time="300" center="960,600" tween="sine" easing="out" />
                </animation>
                <animation type="WindowOpen">
                    <effect type="slide" start="200" end="0" tween="cubic" easing="out" time="545" delay="105" />
                    <effect type="fade" start="0" end="100" tween="sine" easing="inout" time="300" delay="105" />
                    <effect type="zoom" start="76" end="100" center="1344,560" tween="cubic" easing="out" time="400" delay="105" /> 
                </animation>
                <animation type="Visible" condition="IsEmpty(Window(home).property(NoAnimation)) + !Window.Next(visualisation)" reversible="false">
                    <effect type="slide" start="200" end="0" tween="cubic" easing="out" time="545" delay="405" />
                    <effect type="fade" start="0" end="100" tween="sine" easing="inout" time="300" delay="405" />
                    <effect type="zoom" start="76" end="100" center="1344,560" tween="cubic" easing="out" time="400" delay="405" />
                </animation>
                <animation type="Conditional" condition="Window.IsActive(songinformation)" reversible="false">
                    <effect type="slide" start="0" end="200" tween="cubic" easing="out" time="545" />
                    <effect type="fade" start="100" end="0" tween="sine" easing="inout" time="300" />
                    <effect type="zoom" start="100" end="76" center="1344,560" tween="cubic" easing="out" time="400" />
                </animation>
                <animation type="Conditional" condition="!Window.IsActive(songinformation)" reversible="false">
                    <effect type="slide" start="200" end="0" tween="cubic" easing="out" time="545" />
                    <effect type="fade" start="0" end="100" tween="sine" easing="inout" time="300" />
                    <effect type="zoom" start="76" end="100" center="1344,560" tween="cubic" easing="out" time="400" />
                </animation>
                <include>GuideNoAnimation</include>
                <animation type="Hidden" reversible="false">
                    <effect type="zoom" start="100" end="125" center="960,600" tween="sine" easing="out" time="350" /> 
                    <effect type="fade" start="100" end="0" tween="cubic" easing="out" time="250" />
                </animation>
                <visible>!Window.IsActive(musicinformation)</visible>
                <!-- Right -->
                <control type="group">
                    <posx>968</posx>
                    <posy>240</posy>
                    <control type="label">
                        <description>Header Label</description>
                        <posx>20</posx>
                        <posy>-40</posy>
                        <width>666</width>
                        <align>left</align>
                        <label>$LOCALIZE[559]</label>
                        <font>Font-Condensed-S30</font>
                        <textcolor>aawhite</textcolor>
                    </control>
                    <control type="group">
                        <control type="label">
                            <description>Footer Label</description>
                            <posx>20</posx>
                            <posy>603</posy>
                            <width>612</width>
                            <align>left</align>
                            <font>Font-Condensed-S28</font>
                            <textcolor>77white</textcolor>
                            <label>$INFO[Container(100).NumItems,, $LOCALIZE[41817]]</label>
                            <visible>IntegerGreaterThan(Container(100).NumItems,1)</visible>
                            <animation type="Visible" reversible="false">
                                <effect type="fade" start="0" end="85" time="400" tween="sine" easing="inout" />
                                <effect type="slide" start="0,-80" end="0,0" time="550" tween="back" easing="out" />
                            </animation>
                            <animation type="Hidden" reversible="false">
                                <effect type="fade" start="85" end="0" time="400" tween="sine" easing="inout" />
                                <effect type="slide" start="0,0" end="0,-80" time="550" tween="back" easing="in" />
                            </animation>
                        </control>
                        <control type="label">
                            <description>Page Label</description>
                            <posx>732</posx>
                            <posy>603</posy>
                            <width>100</width>
                            <align>right</align>
                            <font>Font-Condensed-S28</font>
                            <label>$INFO[Container(100).CurrentPage]$INFO[Container(100).NumPages,/,]</label>
                            <textcolor>77white</textcolor>
                            <visible>IntegerGreaterThan(Container(100).NumPages,0)</visible>
                            <animation type="Visible" reversible="false">
                                <effect type="fade" start="0" end="85" time="400" tween="sine" easing="inout" />
                                <effect type="slide" start="0,-80" end="0,0" time="550" tween="back" easing="out" />
                            </animation>
                            <animation type="Hidden" reversible="false">
                                <effect type="fade" start="85" end="0" time="400" tween="sine" easing="inout" />
                                <effect type="slide" start="0,0" end="0,-80" time="550" tween="back" easing="in" />
                            </animation>
                        </control>
                    </control>
                    <control type="image">
                        <posx>-100</posx>
                        <posy>607</posy>
                        <width>956</width>
                        <height>150</height>
                        <texture>windows/home/item-shadow.png</texture>
                    </control>
                    <control type="image">
                        <posx>-2</posx>
                        <posy>-3</posy>
                        <width>756</width>
                        <height>604</height>
                        <texture border="4">views/list/panel/panel.png</texture>
                    </control>
                    <control type="list" id="100">
                        <description>Right File List</description>
                        <posx>0</posx>
                        <posy>0</posy>
                        <width>752</width>
                        <height>600</height>
                        <onleft>50</onleft>
                        <onright>40</onright>
                        <onup>100</onup>
                        <ondown>100</ondown>
                        <pagecontrol>40</pagecontrol>
                        <scrolltime>0</scrolltime>
                        <viewtype label="EditorList">EditorList</viewtype>
                        <animation effect="fade" start="100" end="0" time="300" tween="sine" easing="inout" condition="Control.HasFocus(100) + Window.IsActive(contextmenu)">Conditional</animation>
                        <itemlayout height="60">
                            <control type="image">
                                <description>List separator</description>
                                <posx>0</posx>
                                <posy>0</posy>
                                <width>752</width>
                                <height>61</height>
                                <texture border="90,3,90,3">views/list/other/separator.png</texture>
                            </control>
                            <control type="image">
                                <posx>5</posx>
                                <posy>0</posy>
                                <width>60</width>
                                <height>60</height>
                                <texture>$INFO[ListItem.ActualIcon,windows/filemanager/icons/,/fo.png]</texture>
                                <aspectratio>keep</aspectratio>
                                <visible>IsEmpty(ListItem.Thumb)</visible>
                            </control>
                            <control type="image">
                                <posx>15</posx>
                                <posy>10</posy>
                                <width>40</width>
                                <height>40</height>
                                <texture>$INFO[ListItem.Thumb]</texture>
                                <aspectratio>keep</aspectratio>
                                <visible>!IsEmpty(ListItem.Thumb)</visible>
                            </control>
                            <control type="label">
                                <posx>70</posx>
                                <posy>0</posy>
                                <width>662</width>
                                <height>60</height>
                                <info>ListItem.Label</info>
                                <font>Font-Condensed-S30</font>
                                <align>left</align>
                                <aligny>center</aligny>
                                <textcolor>77white</textcolor>
                                <selectedcolor>77white</selectedcolor>
                                <shadowcolor>22000000</shadowcolor>
                                <scroll>false</scroll>
                            </control>
                            <control type="label">
                                <posx>732</posx>
                                <posy>0</posy>
                                <width>662</width>
                                <height>60</height>
                                <info>ListItem.Label2</info>
                                <font>Font-Condensed-S27</font>
                                <align>right</align>
                                <aligny>center</aligny>
                                <textcolor>77white</textcolor>
                                <selectedcolor>77white</selectedcolor>
                                <shadowcolor>22000000</shadowcolor>
                                <scroll>false</scroll>
                            </control>
                        </itemlayout>
                        <focusedlayout height="60">
                            <control type="image">
                                <description>List separator</description>
                                <posx>0</posx>
                                <posy>0</posy>
                                <width>752</width>
                                <height>61</height>
                                <texture border="90,3,90,3">views/list/other/separator.png</texture>
                            </control>
                            <control type="image">
                                <posx>0</posx>
                                <posy>0</posy>
                                <width>752</width>
                                <height>59</height>
                                <texture border="150,1,150,1">views/other/focus.png</texture>
                                <animation type="Focus" condition="Container(100).OnNext" reversible="false">
                                    <effect type="slide" start="0,-60" end="0,0" time="300" tween="back" easing="out" />
                                </animation>
                                <animation type="Focus" condition="Container(100).OnPrevious" reversible="false">
                                    <effect type="slide" start="0,60" end="0,0" time="300" tween="back" easing="out" />
                                </animation>
                                <include>visiblehidefadeinfo</include>
                                <visible>Control.HasFocus(100)</visible>
                            </control>
                            <control type="image">
                                <posx>5</posx>
                                <posy>0</posy>
                                <width>60</width>
                                <height>60</height>
                                <texture>$INFO[ListItem.ActualIcon,windows/filemanager/icons/,/fo.png]</texture>
                                <aspectratio>keep</aspectratio>
                                <visible>IsEmpty(ListItem.Thumb)</visible>
                            </control>
                            <control type="image">
                                <posx>15</posx>
                                <posy>10</posy>
                                <width>40</width>
                                <height>40</height>
                                <texture>$INFO[ListItem.Thumb]</texture>
                                <aspectratio>keep</aspectratio>
                                <visible>!IsEmpty(ListItem.Thumb)</visible>
                            </control>
                            <control type="group">
                                <animation type="Focus" condition="Container(100).OnNext | Container(100).OnPrevious" reversible="false">
                                    <effect type="fade" start="50" end="100" time="500" tween="sine" easing="inout" />
                                </animation>
                                <animation effect="fade" start="100" end="50" time="300" tween="sine" easing="inout" condition="!Control.HasFocus(100)">Conditional</animation>
                                <control type="label">
                                    <posx>70</posx>
                                    <posy>0</posy>
                                    <width>662</width>
                                    <height>60</height>
                                    <info>ListItem.Label</info>
                                    <font>Font-Condensed-S30</font>
                                    <align>left</align>
                                    <aligny>center</aligny>
                                    <textcolor>eewhite</textcolor>
                                    <selectedcolor>eewhite</selectedcolor>
                                    <shadowcolor>22000000</shadowcolor>
                                    <scroll>false</scroll>
                                </control>
                                <control type="label">
                                    <posx>732</posx>
                                    <posy>0</posy>
                                    <width>662</width>
                                    <height>60</height>
                                    <info>ListItem.Label2</info>
                                    <font>Font-Condensed-S27</font>
                                    <align>right</align>
                                    <aligny>center</aligny>
                                    <textcolor>eewhite</textcolor>
                                    <selectedcolor>eewhite</selectedcolor>
                                    <shadowcolor>22000000</shadowcolor>
                                    <scroll>false</scroll>
                                </control>
                            </control>
                        </focusedlayout>
                    </control>
                    <control type="image" id="42">
                        <animation effect="fade" start="100" end="0" time="0" delay="1500">WindowOpen</animation>
                    </control>
                    <control type="image" id="41">
                        <animation effect="fade" start="0" end="100" time="0">Visible</animation>
                        <animation effect="fade" start="100" end="0" time="0">Hidden</animation>
                        <visible>Control.HasFocus(40) | !Control.IsVisible(42)</visible>
                    </control>
                    <control type="image" id="41">
                        <animation effect="fade" start="0" end="100" time="0">Visible</animation>
                        <animation effect="fade" start="100" end="0" time="0" delay="1500">Hidden</animation>
                        <visible>!Control.HasFocus(40) + [Container(21).Scrolling | Container(21).OnScrollNext | Container(21).OnScrollPrevious]</visible>
                    </control>
                    <control type="scrollbar" id="40">
                        <posx>746</posx>
                        <posy>0</posy>
                        <width>6</width>
                        <height>600</height>
                        <texturesliderbackground>-</texturesliderbackground>
                        <texturesliderbar border="1">views/other/scrollbar-sq.png</texturesliderbar>
                        <texturesliderbarfocus border="1">views/other/scrollbar-sq.png</texturesliderbarfocus>
                        <textureslidernib>-</textureslidernib>
                        <textureslidernibfocus>-</textureslidernibfocus>
                        <onleft>100</onleft>
                        <onright>50</onright>
                        <showonepage>false</showonepage>
                        <orientation>vertical</orientation>
                        <animation effect="fade" start="75" end="0" time="300" tween="sine" easing="inout" condition="!Control.IsVisible(41)">Conditional</animation>
                    </control>
                </control>
            </control>
        </control>
        <include>Common-Info-NoOptions</include>
    </controls>
</window>