<?xml version="1.0" encoding="UTF-8" standalone="yes"?>
<addon id="plugin.audio.soundcloud"
       name="SoundCloud"
       version="0.2.6"
       provider-name="Zsolt Török, Vanhoutteghem Pieter">
  <requires>
    <import addon="xbmc.python" version="2.0"/>
    <import addon="script.module.simplejson" version="2.0.10"/>
  </requires>
  <extension point="xbmc.python.pluginsource" library="default.py">
        <provides>audio</provides>
  </extension>
  <extension point="xbmc.addon.metadata">
    <platform>all</platform>
    <summary lang="en">XBMC Addon for SoundCloud</summary>
    <summary lang="bg">XBMC добавка за SoundCloud</summary>
    <summary lang="nl">XBMC Addon voor SoundCloud</summary>
    <description lang="en">SoundCloud is a platform for musicians to promote and distribute their music online.This is a third-party add-on, which uses public web services exposed by SoundCloud. Neither the XBMC community, nor the developers of this add-on is in any way affiliated with SoundCloud Ltd.</description>
	<description lang="bg">SoundCloud е платформа за музиканти, която им позволява да представят и разпространяват музиката си чрез интернет. Добавката ползва услугите на SoundCloud. Нито общността около XBMC, нито разработчиците на добавката са свързани по някакъв начин със SoundCloud Ltd.</description>
	<description lang="nl">SoundCloud is een platform voor muzikanten om hun muziek online te promoten en distruberen. Dit is een third-party addon die de publieke web services van SoundCloud gebruikt. Noch de XMBC gemeenschap, noch de ontwikkelaars van deze addon zijn betrokken met SoundCloud Ltd.</description>
  </extension>
</addon>
