<?xml version="1.0" encoding="UTF-8" standalone="yes"?>
<addon  id="net.rieter.xot.smallplayer"
        version="3.4.0"
        name="XBMC Online TV"
        provider-name="Bas Rieter">

    <requires>
        <import addon="xbmc.metadata" version="1.0"/>
        <import addon="xbmc.python" version="2.1.0"/>
    </requires>
    
    <extension  point="xbmc.python.pluginsource" 
                library="default.py"
                id="net.rieter.xot.smallplayer.plugin">
        <provides>video</provides>
    </extension>

    <extension point="xbmc.addon.metadata">
        <platform>all</platform>
        <minversion>29000</minversion>
        <summary>XBMC Online TV (a.k.a. XOT-Uzg.v3) is a plugin/script that allows the playback of a lot of TV shows that are available (legally) via the broadcasters websites.</summary>
        <description>XBMC Online TV uses the official websites of a lot of different broadcasting companies (mainly Dutch, Belgian, British and Swedish) to make their re-run episodes available on the XBMC platform. More information can be found at www.rieter.net.[CR][CR]XBMC Online TV reports back usage statistics to our servers. This option can be disabled from the add-on settings.</description>
        <disclaimer>XBMC Online TV is provided as is. We do not take any responsibility for possible (but highly unlikely) damage cause to your system. Nor do we take responsibility for the content that can be watched via this add-on.</disclaimer>
        <nofanart>true</nofanart>
    </extension>
</addon>
