<?xml version="1.0" encoding="UTF-8" standalone="yes"?>
<addon id="net.rieter.xot.channel.regionalnl"
       version="3.4.0.0"
       name="XBMC Online TV Nederlandse Regionale zenders"
       provider-name="Bas Rieter">

    <requires>
        <!--import addon="net.rieter.xot" version="x.x.x" optional="false" /-->
    </requires>

    <extension point="xbmc.python.pluginsource" 
               library="">
        <!--provides>video</provides-->
    </extension>

    <extension point="xbmc.addon.metadata">
        <summary>XBMC Online TV (a.k.a. XOT-Uzg.v3) is a plugin/script that allows the playback of a lot of TV shows that are available (legally) via the broadcasters websites.</summary>
        <description>A set of Dutch Regional channels for XBMC Online TV</description>
        <disclaimer>XBMC Online TV is provided as is. We do not take any responsibility for possible (but highly unlikely) damage cause to your system. Nor do we take responsibility for the content that can be watched via this add-on.</disclaimer>
        <nofanart>true</nofanart>
    </extension>
</addon>