<?xml version="1.0" encoding="UTF-8"?>
<channels xmlns="http://xsd.rieter.net/net.rieter.xot/channels">
    <channel>
        <guid>16A5C86D-52C5-48C1-B894-1CC23EBF1CD8</guid>
        <name>E&#233;n</name>
        <description>Online uitzendingen van www.een.be.</description>
        <icon>eenicon.png</icon>
        <iconlarge>eenlarge.png</iconlarge>
        <category>National</category>
        <channelcode>None</channelcode>
        <sortorder>120</sortorder>
        <language>be</language>
    </channel>
</channels>