<fonts>
	<fontset id="Default" unicode="true">
		<font>
			<name>spotimc_font14</name>
			<filename>spotimc.ttf</filename>
			<size>21</size>
		</font>
		<font>
			<name>spotimc_font16</name>
			<filename>spotimc.ttf</filename>
			<size>24</size>
		</font>
		<font>
			<name>spotimc_font18</name>
			<filename>spotimc.ttf</filename>
			<size>27</size>
		</font>
		<font>
			<name>spotimc_font20</name>
			<filename>spotimc.ttf</filename>
			<size>30</size>
		</font>
		<font>
			<name>spotimc_font22</name>
			<filename>spotimc.ttf</filename>
			<size>33</size>
		</font>
		<font>
			<name>spotimc_font24</name>
			<filename>spotimc.ttf</filename>
			<size>36</size>
		</font>
		<font>
			<name>spotimc_font32</name>
			<filename>spotimc.ttf</filename>
			<size>48</size>
		</font>
		<font>
			<name>spotimc_font48</name>
			<filename>spotimc.ttf</filename>
			<size>72</size>
		</font>
		<font>
			<name>spotimc_font60</name>
			<filename>spotimc.ttf</filename>
			<size>90</size>
		</font>
	</fontset>
</fonts>
