<window>
    <defaultcontrol>525</defaultcontrol>
    <allowoverlay>yes</allowoverlay>
    <backgroundcolor>0</backgroundcolor>
    <onload condition="!Skin.HasSetting(Skin.Initialization)">SetProperty(Skin.Initialization,1,startup)</onload>
    <onload condition="!Skin.HasSetting(Skin.Initialization) | IsEmpty(Window(startup).Property(Started))">AlarmClock(Skin.Initialization,ReplaceWindow(startup),00:01,silent)</onload>
    <onload condition="Container(20).HasFocus(2)">AlarmClock(HomeTileMoveThree,Control.Move(5032,1),00:04,silent,loop)</onload>
    <onload condition="Container(20).HasFocus(2)">AlarmClock(HomeTileMoveTwo,Control.Move(5022,1),00:07,silent,loop)</onload>
    <onload condition="Container(20).HasFocus(3)">AlarmClock(HomeTileMove,Control.Move(2022,1),00:07,silent,loop)</onload>
    <onload condition="Container(20).HasFocus(4)">AlarmClock(HomeTileMove,Control.Move(3022,1),00:07,silent,loop)</onload>
    <onload condition="Container(20).HasFocus(5)">AlarmClock(HomeTileMove,Control.Move(4022,1),00:07,silent,loop)</onload>
    <onload condition="!Skin.HasSetting(HideHomeProfileInfo)">AlarmClock(ProfileMove,Control.Move(30,1),00:10,silent,loop)</onload>
    <onunload>CancelAlarm(HomeTileMove,true)</onunload>
    <onunload>CancelAlarm(HomeTileMoveTwo,true)</onunload>
    <onunload>CancelAlarm(HomeTileMoveThree,true)</onunload>
    <onunload condition="!Skin.HasSetting(HideHomeProfileInfo)">CancelAlarm(ProfileMove,true)</onunload>
    <controls>
        <!-- Backgrounds -->
        <include>CommonItemsHome</include>
        <!-- Home screen -->
        <include>HomeControlList</include>
        <include>HomeControlListLabels</include>
        <include>HomeItems</include>
        <include>HomeProfileInfo</include>
        <!-- Bottom buttons -->
        <!--<include condition="!Skin.HasSetting(HideHomeButtons)">shutdown-favs</include>-->
        <!-- Common/profile info -->
        <include>Common-Home-Info</include>
    </controls>
</window>