<includes>

    <!-- Variables -->    
    <variable name="MusicHeaderIcon">
        <value condition="Window.IsVisible(musicplaylist)">DefaultMusicPlaylists.png</value>
        <value condition="substring(Container.FolderPath,musicdb://1/,left)">DefaultMusicGenres.png</value>
        <value condition="substring(Container.FolderPath,musicdb://2/,left)">DefaultMusicArtists.png</value>
        <value condition="substring(Container.FolderPath,musicdb://3/,left)">DefaultMusicAlbums.png</value>
        <value condition="substring(Container.FolderPath,musicdb://4/,left)">DefaultMusicSongs.png</value>
        <value condition="substring(Container.FolderPath,musicdb://5/,left)">DefaultMusicTop100.png</value>
        <value condition="substring(Container.FolderPath,musicdb://6/,left)">DefaultMusicRecentlyAdded.png</value>
        <value condition="substring(Container.FolderPath,musicdb://7/,left)">DefaultMusicRecentlyPlayed.png</value>
        <value condition="substring(Container.FolderPath,musicdb://8/,left)">DefaultMusicCompilations.png</value>
        <value condition="substring(Container.FolderPath,musicdb://9/,left)">DefaultMusicYears.png</value>
        <value condition="stringcompare(Container.FolderPath,special://musicplaylists/) | substring(Container.FolderPath,special://profile/playlists/music/,left)">DefaultPlaylist.png</value>
        <value>DefaultAudio.png</value>
    </variable>
    
    <variable name="MusicHeaderLabel">
        <value condition="Window.IsVisible(musicfiles)">$LOCALIZE[744]</value>
        <value condition="Window.IsVisible(musicplaylist)">$LOCALIZE[20011]</value>
        <value condition="substring(Container.FolderPath,musicdb://5/1/,left)">$LOCALIZE[10504]</value>
        <value condition="substring(Container.FolderPath,musicdb://5/2/,left)">$LOCALIZE[10505]</value>
        <value condition="substring(Container.FolderPath,musicdb://1/,left)">$LOCALIZE[135]</value>
        <value condition="substring(Container.FolderPath,musicdb://2/,left)">$LOCALIZE[133]</value>
        <value condition="substring(Container.FolderPath,musicdb://3/,left)">$LOCALIZE[132]</value>
        <value condition="substring(Container.FolderPath,musicdb://4/,left)">$LOCALIZE[134]</value>
        <value condition="substring(Container.FolderPath,musicdb://5/,left) + !substring(Container.FolderPath,musicdb://5/1/,left) + !substring(Container.FolderPath,musicdb://5/2/,left)">$LOCALIZE[271]</value>
        <value condition="substring(Container.FolderPath,musicdb://6/,left)">$LOCALIZE[359]</value>
        <value condition="substring(Container.FolderPath,musicdb://7/,left)">$LOCALIZE[517]</value>
        <value condition="substring(Container.FolderPath,musicdb://8/,left)">$LOCALIZE[521]</value>
        <value condition="substring(Container.FolderPath,musicdb://9/,left)">$LOCALIZE[652]</value>
        <value condition="stringcompare(Container.FolderPath,special://musicplaylists/) | substring(Container.FolderPath,special://profile/playlists/music/,left)">$LOCALIZE[136]</value>
        <value condition="stringcompare(Container.FolderPath,addons://sources/audio/) | substring(Container.FolderPath,plugin://plugin,left)">$LOCALIZE[1038]</value>
        <value>$LOCALIZE[2]</value>
    </variable>
    
    <variable name="BannerCoverHeaderImageSongs">
        <value condition="Window.IsVisible(musicplaylist)">DefaultMusicPlaylists.png</value>
        <value>DefaultMusicSongs.png</value>
    </variable>
    
    <variable name="VideoHeaderIcon">
        <value condition="stringcompare(Container.FolderPath,library://video/movies/) | substring(Container.FolderPath,videodb://1/,left)">DefaultMovies.png</value>
        <value condition="stringcompare(Container.FolderPath,library://video/tvshows/) | substring(Container.FolderPath,videodb://2/,left)">DefaultTVShows.png</value>
        <value condition="stringcompare(Container.FolderPath,library://video/inprogressshows.xml/)">DefaultInProgressShows.png</value>
        <value condition="stringcompare(Container.FolderPath,library://video/recentlyaddedmovies.xml/) | stringcompare(Container.FolderPath,videodb://4/)">DefaultRecentlyAddedMovies.png</value>
        <value condition="stringcompare(Container.FolderPath,library://video/recentlyaddedepisodes.xml/) | stringcompare(Container.FolderPath,videodb://5/)">DefaultRecentlyAddedEpisodes.png</value>
        <value condition="stringcompare(Container.FolderPath,special://videoplaylists/) | substring(Container.FolderPath,special://profile/playlists/video/,left)">DefaultPlaylist.png</value>
        <value condition="stringcompare(Container.FolderPath,addons://sources/video/) | substring(Container.FolderPath,plugin://plugin.video,left)">DefaultAddonVideo.png</value>
        <value condition="substring(Container.FolderPath,videodb://6/,left)">DefaultRecentlyAddedMusicVideos.png</value>
        <value>DefaultFolder.png</value>
    </variable>
    
    <variable name="VideoHeaderLabel">
        <value condition="stringcompare(Container.FolderPath,library://video/movies/) | substring(Container.FolderPath,videodb://1/,left)">$LOCALIZE[342]</value>
        <value condition="stringcompare(Container.FolderPath,library://video/tvshows/) | substring(Container.FolderPath,videodb://2/,left)">$LOCALIZE[20343]</value>
        <value condition="stringcompare(Container.FolderPath,library://video/inprogressshows.xml/)">$LOCALIZE[626]</value>
        <value condition="stringcompare(Container.FolderPath,library://video/recentlyaddedmovies.xml/) | stringcompare(Container.FolderPath,videodb://4/)">$LOCALIZE[20386]</value>
        <value condition="stringcompare(Container.FolderPath,library://video/recentlyaddedepisodes.xml/) | stringcompare(Container.FolderPath,videodb://5/)">$LOCALIZE[20387]</value>
        <value condition="stringcompare(Container.FolderPath,special://videoplaylists/) | substring(Container.FolderPath,special://profile/playlists/video/,left)">$LOCALIZE[20012]</value>
        <value condition="stringcompare(Container.FolderPath,addons://sources/video/) | substring(Container.FolderPath,plugin://plugin.video,left)">$LOCALIZE[1037]</value>
        <value condition="!IsEmpty(Container.FolderPath)">$LOCALIZE[1214]</value>
        <value>$LOCALIZE[3]</value>
    </variable>
    
    <variable name="AddonHeaderIcon">
        <value condition="substring(Container.FolderPath,albums,right)">DefaultAddonAlbumInfo.png</value>
        <value condition="substring(Container.FolderPath,artists,right)">DefaultAddonArtistInfo.png</value>
        <value condition="substring(Container.FolderPath,lyrics,right)">DefaultAddonLyrics.png</value>
        <value condition="substring(Container.FolderPath,movies,right)">DefaultAddonMovieInfo.png</value>
        <value condition="substring(Container.FolderPath,audio,right)">DefaultAddonMusic.png</value>
        <value condition="substring(Container.FolderPath,musicvideos,right)">DefaultAddonMusicVideoInfo.png</value>
        <value condition="substring(Container.FolderPath,image,right)">DefaultAddonPicture.png</value>
        <value condition="substring(Container.FolderPath,executable,right)">DefaultAddonProgram.png</value>
        <value condition="substring(Container.FolderPath,pvrclient,right)">DefaultFolder.png</value>
        <value condition="substring(Container.FolderPath,screensaver,right)">DefaultAddonScreensaver.png</value>
        <value condition="substring(Container.FolderPath,service,right)">DefaultAddonService.png</value>
        <value condition="substring(Container.FolderPath,skin,right)">DefaultAddonSkin.png</value>
        <value condition="substring(Container.FolderPath,subtitles,right)">DefaultAddonSubtitles.png</value>
        <value condition="substring(Container.FolderPath,tvshows,right)">DefaultAddonTvInfo.png</value>
        <value condition="substring(Container.FolderPath,video,right)">DefaultAddonVideo.png</value>
        <value condition="substring(Container.FolderPath,musicviz,right)">DefaultAddonVisualization.png</value>
        <value condition="substring(Container.FolderPath,weather,right)">DefaultAddonWeather.png</value>
        <value condition="substring(Container.FolderPath,webinterface,right)">DefaultAddonWebSkin.png</value>
        <value>DefaultAddon.png</value>
    </variable>
    
    <variable name="AddonHeaderLabel">
        <value condition="substring(Container.FolderPath,addons://disabled,left)">$LOCALIZE[24039]</value>
        <value condition="substring(Container.FolderPath,addons://enabled,left)">$LOCALIZE[24062]</value>
        <value condition="substring(Container.FolderPath,addons://repos,left)">$LOCALIZE[24033]</value>
        <value>$LOCALIZE[24001]</value>
    </variable>
    
    <variable name="PVRHeaderIcon">
        <value condition="Control.IsVisible(12)">DefaultAddonLyrics.png</value>
        <value condition="Control.IsVisible(10) | Control.IsVisible(15) | Control.IsVisible(16)">DefaultEPG.png</value>
        <value condition="Control.IsVisible(13)">DefaultHardDisk.png</value>
        <value condition="Control.IsVisible(14)">DefaultTimers.png</value>
        <value condition="Control.IsVisible(17)">DefaultMusicSearch.png</value>
        <value>DefaultTVShows.png</value>
    </variable>
    
    <variable name="SettingsIcon">
        <value condition="Window.IsActive(systeminfo)"></value>
        <value condition="Window.IsActive(weathersettings)">DefaultAddonWeather.png</value>
        <value condition="Window.IsActive(systemsettings)"></value>
        <value condition="Window.IsActive(pvrsettings)">DefaultTVShows.png</value>
        <value condition="Window.IsActive(skinsettings)">DefaultAddonSkin.png</value>
        <value condition="Window.IsActive(picturessettings)">DefaultAddonPicture.png</value>
        <value condition="Window.IsActive(addonbrowser)">DefaultAddon.png</value>
        <value condition="Window.IsActive(musicsettings)">DefaultAddonMusic.png</value>
        <value condition="Window.IsActive(profiles)">DefaultActor.png</value>
        <value condition="Window.IsActive(videossettings)">DefaultMovies.png</value>
        <value condition="Window.IsActive(settings) | Window.IsActive(servicesettings)">DefaultAddonService.png</value>
        <value>DefaultAddonProgram.png</value>
    </variable>
    
    <variable name="SettingsHeaderLabel">
        <value condition="Control.HasFocus(111) | Window.IsActive(systeminfo)">$LOCALIZE[130]</value>
        <value condition="Control.HasFocus(110) | Window.IsActive(weathersettings)">$LOCALIZE[8]</value>
        <value condition="Control.HasFocus(109) | Window.IsActive(systemsettings)">$LOCALIZE[13000]</value>
        <value condition="Control.HasFocus(108) | Window.IsActive(pvrsettings)">$LOCALIZE[19020]</value>
        <value condition="Control.HasFocus(107) | Window.IsActive(skinsettings)">$LOCALIZE[166]</value>
        <value condition="Control.HasFocus(106) | Window.IsActive(picturessettings)">$LOCALIZE[1]</value>
        <value condition="Control.HasFocus(105) | Window.IsActive(addonbrowser)">$LOCALIZE[24001]</value>
        <value condition="Control.HasFocus(104) | Window.IsActive(musicsettings)">$LOCALIZE[2]</value>
        <value condition="Control.HasFocus(103) | Window.IsActive(profiles)">$LOCALIZE[13200]</value>
        <value condition="Control.HasFocus(102) | Window.IsActive(videossettings)">$LOCALIZE[157]</value>
        <value condition="Control.HasFocus(101) | Window.IsActive(servicesettings)">$LOCALIZE[14036]</value>
        <value>$LOCALIZE[480]</value>
    </variable>
    
    <variable name="SettingsHeaderSubLabel">
        <value condition="Control.HasFocus(111) | Window.IsActive(systeminfo)">$LOCALIZE[154] [COLOR=44FFFFFF]/[/COLOR] $LOCALIZE[705] [COLOR=44FFFFFF]/[/COLOR] $LOCALIZE[157] [COLOR=44FFFFFF]/[/COLOR] $LOCALIZE[13281]</value>
        <value condition="Control.HasFocus(110) | Window.IsActive(weathersettings)">$LOCALIZE[24029]</value>
        <value condition="Control.HasFocus(109) | Window.IsActive(systemsettings)">$LOCALIZE[291]/$LOCALIZE[337] [COLOR=44FFFFFF]/[/COLOR] $LOCALIZE[14094] [COLOR=44FFFFFF]/[/COLOR] $LOCALIZE[798] [COLOR=44FFFFFF]/[/COLOR] $LOCALIZE[14095] [COLOR=44FFFFFF]/[/COLOR] $LOCALIZE[19191]</value>
        <value condition="Control.HasFocus(108) | Window.IsActive(pvrsettings)">$LOCALIZE[19181] [COLOR=44FFFFFF]/[/COLOR] $LOCALIZE[19222] [COLOR=44FFFFFF]/[/COLOR] $LOCALIZE[14086] [COLOR=44FFFFFF]/[/COLOR] $LOCALIZE[19043]</value>
        <value condition="Control.HasFocus(107) | Window.IsActive(skinsettings)">$LOCALIZE[10000] [COLOR=44FFFFFF]/[/COLOR] $LOCALIZE[41190] [COLOR=44FFFFFF]/[/COLOR] $LOCALIZE[478] [COLOR=44FFFFFF]/[/COLOR] $LOCALIZE[33069] [COLOR=44FFFFFF]/[/COLOR] $LOCALIZE[41460] [COLOR=44FFFFFF]/[/COLOR] $LOCALIZE[41220] [COLOR=44FFFFFF]/[/COLOR] $LOCALIZE[24001]</value>
        <value condition="Control.HasFocus(106) | Window.IsActive(picturessettings)">$LOCALIZE[14081] [COLOR=44FFFFFF]/[/COLOR] $LOCALIZE[108]</value>
        <value condition="Control.HasFocus(105) | Window.IsActive(addonbrowser)">$LOCALIZE[1024] [COLOR=44FFFFFF]/[/COLOR] $LOCALIZE[24038] [COLOR=44FFFFFF]/[/COLOR] $LOCALIZE[24020]</value>
        <value condition="Control.HasFocus(104) | Window.IsActive(musicsettings)">$LOCALIZE[14022] [COLOR=44FFFFFF]/[/COLOR] $LOCALIZE[14086] [COLOR=44FFFFFF]/[/COLOR] $LOCALIZE[15200] [COLOR=44FFFFFF]/[/COLOR] $LOCALIZE[620] [COLOR=44FFFFFF]/[/COLOR] $LOCALIZE[13327]</value>
        <value condition="Control.HasFocus(103) | Window.IsActive(profiles)">$LOCALIZE[20067] [COLOR=44FFFFFF]/[/COLOR] $LOCALIZE[20096]</value>
        <value condition="Control.HasFocus(102) | Window.IsActive(videossettings)">$LOCALIZE[14022] [COLOR=44FFFFFF]/[/COLOR] $LOCALIZE[14086] [COLOR=44FFFFFF]/[/COLOR] $LOCALIZE[24012] [COLOR=44FFFFFF]/[/COLOR] $LOCALIZE[14087]</value>
        <value condition="Control.HasFocus(101) | Window.IsActive(servicesettings)">$LOCALIZE[20187] [COLOR=44FFFFFF]/[/COLOR] $LOCALIZE[33101] [COLOR=44FFFFFF]/[/COLOR] $LOCALIZE[790] [COLOR=44FFFFFF]/[/COLOR] $LOCALIZE[1259] [COLOR=44FFFFFF]/[/COLOR] $LOCALIZE[1273] [COLOR=44FFFFFF]/[/COLOR] $LOCALIZE[1200]</value>
        <value>$LOCALIZE[166] [COLOR=44FFFFFF]/[/COLOR] $LOCALIZE[14090] [COLOR=44FFFFFF]/[/COLOR] $LOCALIZE[14081] [COLOR=44FFFFFF]/[/COLOR] $LOCALIZE[360]</value>
    </variable>
    
    <variable name="FileManagerSortLetterLabel">
        <value condition="Control.HasFocus(21)">$INFO[Container(21).ListItem.SortLetter]</value>
        <value>$INFO[Container(20).ListItem.SortLetter]</value>
    </variable>
    
    <include name="PVRSubLabel">
        <width min="0" max="400">auto</width>
        <height>120</height>
        <font>Font-Condensed-S28</font>
        <textcolor>eewhite</textcolor>
        <scroll>false</scroll>
        <align>left</align>
    </include>
    
    <include name="ViewHeaderItemPageInfo">
        <control type="grouplist">
            <posx>110</posx>
            <posy>32</posy>
            <orientation>horizontal</orientation>
            <itemgap>0</itemgap>
            <control type="label">
                <width min="50" max="400">auto</width>
                <height>120</height>
                <label>$INFO[Container.NumItems,, $LOCALIZE[41822]]</label>
                <font>Font-Condensed-S28</font>
                <textcolor>80FFFFFF</textcolor>
                <scroll>false</scroll>
                <align>left</align>
                <visible>IntegerGreaterThan(Container.NumItems,0) + !IntegerGreaterThan(Container.NumItems,1)</visible>
            </control>
            <control type="label">
                <width min="50" max="400">auto</width>
                <height>120</height>
                <label>$INFO[Container.NumItems,, $LOCALIZE[41817]]</label>
                <font>Font-Condensed-S28</font>
                <textcolor>80FFFFFF</textcolor>
                <scroll>false</scroll>
                <align>left</align>
                <visible>!IntegerGreaterThan(Container.NumItems,0) | IntegerGreaterThan(Container.NumItems,1)</visible>
            </control>
            <control type="label">
                <width min="50" max="400">auto</width>
                <height>120</height>
                <label>$INFO[Container.CurrentPage, [COLOR=44FFFFFF]/[/COLOR] $LOCALIZE[41819] ,]$INFO[Container.NumPages,/,]</label>
                <font>Font-Condensed-S28</font>
                <textcolor>80FFFFFF</textcolor>
                <scroll>false</scroll>
                <align>left</align>
                <visible>IntegerGreaterThan(Container.NumPages,1)</visible>
            </control>
        </control>
    </include>
    
    <include name="ViewHeaderSortLetter">
        <control type="group">
            <posx>17</posx>
            <posy>32</posy>
            <visible>Container.Scrolling</visible>
            <animation type="Visible">
                <effect type="fade" start="0" end="100" time="300" tween="sine" easing="in" />
                <effect type="slide" start="0,-75" end="0,0" time="350" tween="sine" easing="out" />
            </animation>
            <animation type="Hidden">
                <effect type="fade" start="100" end="0" time="250" tween="sine" easing="out" delay="2000" />
                <effect type="slide" start="0,0" end="0,-75" time="300" tween="sine" easing="out" delay="2000" />
            </animation>
            <control type="image">
                <posx>0</posx>
                <posy>0</posy>
                <width>85</width>
                <height>85</height>
                <texture>DefaultSortLetter.png</texture>
            </control>
            <control type="label">
                <posx>0</posx>
                <posy>1</posy>
                <width>85</width>
                <height>85</height>
                <align>center</align>
                <font>Font-Condensed-S52-B</font>
                <label>$INFO[ListItem.SortLetter]</label>
                <textcolor>C0000000</textcolor>
                <shadowcolor>white</shadowcolor>
            </control>
        </control>
    </include>
    
    <include name="ViewHeaderIconVars">
        <posx>17</posx>
        <posy>32</posy>
        <width>85</width>
        <height>85</height>
        <visible>!Container.Scrolling</visible>
        <animation type="Hidden">
            <effect type="fade" start="100" end="8" tween="sine" easing="out" time="300" /> 
            <effect type="zoom" start="100" end="50" center="60,75" tween="sine" easing="inout" time="300" />
        </animation>
        <animation type="Visible">
            <effect type="fade" start="8" end="100" tween="sine" easing="out" time="300" delay="2000" /> 
            <effect type="zoom" start="50" end="100" center="60,75" tween="sine" easing="inout" time="300" delay="2000" />
        </animation>
    </include>
    
    <include name="VideoHeader">
        <control type="group">
            <posx>75</posx>
            <posy>26</posy>
            <visible>!Window.IsActive(movieinformation) + !Window.IsActive(script-Actors-DialogInfo.xml) + !Window.IsActive(script-Actors-DialogVideoInfo.xml) + IsEmpty(Window(Home).Property(script.metadata.actors.hasparent)) + !Window.IsActive(1122) + !Window.IsActive(addoninformation) + !Window.IsActive(favourites)</visible>
            <include>BannerListInfoAnimation</include>
            <control type="group">
                <control type="image">
                    <include>ViewHeaderIconVars</include>
                    <texture>$VAR[VideoHeaderIcon]</texture>
                </control>
                <include>ViewHeaderSortLetter</include>
                <control type="grouplist">
                    <posx>110</posx>
                    <posy>0</posy>
                    <orientation>horizontal</orientation>
                    <itemgap>0</itemgap>
                    <control type="label">
                        <width min="0" max="500">auto</width>
                        <height>120</height>
                        <label>$VAR[VideoHeaderLabel]</label>
                        <font>Font-Condensed-S36-B</font>
                        <textcolor>C0FFFFFF</textcolor>
                        <scroll>false</scroll>
                        <align>left</align>
                    </control>
                    <control type="label">
                        <width min="0" max="500">auto</width>
                        <height>120</height>
                        <label>$INFO[Container.FolderName,: ,]</label>
                        <font>Font-Condensed-S36-B</font>
                        <textcolor>aawhite</textcolor>
                        <scroll>false</scroll>
                        <align>left</align>
                        <visible>!substring(Container.FolderPath,library,left) + !substring(Container.FolderPath,special,left) + !substring(Container.FolderPath,addons,left) + !substring(Container.FolderPath,sources,left) + !Container.Content(episodes) + !stringcompare(Container.FolderPath,videodb://4/)</visible>
                    </control>
                    <control type="label">
                        <width min="0" max="500">auto</width>
                        <height>120</height>
                        <label>$INFO[Container.ListItem.TVShowTitle,: ,]$INFO[Container.ListItem.Season, (,)]</label>
                        <font>Font-Condensed-S36-B</font>
                        <textcolor>aawhite</textcolor>
                        <scroll>false</scroll>
                        <align>left</align>
                        <visible>Container.Content(episodes)</visible>
                    </control>
                </control>
            </control>
            <include>ViewHeaderItemPageInfo</include>
        </control>
    </include>

    <include name="MusicHeader">
        <control type="group">
            <posx>75</posx>
            <posy>26</posy>
            <visible>!Window.IsActive(musicinformation) + !Window.IsActive(addoninformation) + !Window.IsActive(favourites)</visible>
            <include>BannerListInfoAnimation</include>
            <control type="image">
                <include>ViewHeaderIconVars</include>
                <texture>$VAR[MusicHeaderIcon]</texture>
            </control>
            <include>ViewHeaderSortLetter</include>
            <control type="grouplist">
                <posx>110</posx>
                <posy>0</posy>
                <itemgap>0</itemgap>
                <orientation>horizontal</orientation>
                <control type="label">
                    <width min="0" max="500">auto</width>
                    <height>120</height>
                    <label>$VAR[MusicHeaderLabel]</label>
                    <font>Font-Condensed-S36-B</font>
                    <textcolor>C0FFFFFF</textcolor>
                    <scroll>false</scroll>
                    <align>left</align>
                </control>
                <control type="label">
                    <width min="0" max="500">auto</width>
                    <height>120</height>
                    <label>$INFO[Container.FolderName,: ,]</label>
                    <font>Font-Condensed-S36-B</font>
                    <textcolor>aawhite</textcolor>
                    <scroll>false</scroll>
                    <align>left</align>
                    <visible>!stringcompare(Container.FolderPath,musicdb://1/) + !stringcompare(Container.FolderPath,musicdb://2/) + !stringcompare(Container.FolderPath,musicdb://3/) + !stringcompare(Container.FolderPath,musicdb://4/) + !stringcompare(Container.FolderPath,musicdb://5/) + !stringcompare(Container.FolderPath,musicdb://6/) + !stringcompare(Container.FolderPath,musicdb://7/) + !stringcompare(Container.FolderPath,musicdb://8/) + !stringcompare(Container.FolderPath,musicdb://9/) + !stringcompare(Container.FolderPath,musicdb://5/1/) + !stringcompare(Container.FolderPath,special://musicplaylists/) + !Container.Content(albums)</visible>
                </control>
                <control type="label">
                    <width min="0" max="500">auto</width>
                    <height>120</height>
                    <label>$INFO[ListItem.Artist,: ,]</label>
                    <font>Font-Condensed-S36-B</font>
                    <textcolor>aawhite</textcolor>
                    <scroll>false</scroll>
                    <align>left</align>
                    <visible>Container.Content(albums)</visible>
                </control>
            </control>
            <include>ViewHeaderItemPageInfo</include>
        </control>
    </include>
    
    <include name="ProgramHeader">
        <control type="group">
            <posx>75</posx>
            <posy>26</posy>
            <visible>!Window.IsActive(addoninformation) + !Window.IsActive(1122) + !Window.IsActive(script-Actors-DialogInfo.xml) + !Window.IsActive(script-Actors-DialogVideoInfo.xml) + IsEmpty(Window(Home).Property(script.metadata.actors.hasparent)) + !Window.IsActive(favourites)</visible>
            <include>BannerListInfoAnimation</include>
            <control type="group">
                <control type="image">
                    <include>ViewHeaderIconVars</include>
                    <texture>DefaultProgram.png</texture>
                </control>
                <include>ViewHeaderSortLetter</include>
                <control type="grouplist">
                    <posx>110</posx>
                    <posy>0</posy>
                    <orientation>horizontal</orientation>
                    <itemgap>0</itemgap>
                    <control type="label">
                        <width min="0" max="500">auto</width>
                        <height>120</height>
                        <label>$LOCALIZE[41504]</label>
                        <font>Font-Condensed-S36-B</font>
                        <textcolor>C0FFFFFF</textcolor>
                        <scroll>false</scroll>
                        <align>left</align>
                    </control>
                    <control type="label">
                        <width min="0" max="500">auto</width>
                        <height>120</height>
                        <label>$INFO[Container.FolderName,: ,]</label>
                        <font>Font-Condensed-S36-B</font>
                        <textcolor>aawhite</textcolor>
                        <scroll>false</scroll>
                        <align>left</align>
                        <visible>!IsEmpty(Container.FolderPath)</visible>
                    </control>
                </control>
            </control>
            <include>ViewHeaderItemPageInfo</include>
        </control>
    </include>
    
    <include name="PictureHeader">
        <control type="group">
            <posx>75</posx>
            <posy>26</posy>
            <visible>!Window.IsActive(addoninformation) + !Window.IsActive(favourites)</visible>
            <include>BannerListInfoAnimation</include>
            <control type="group">
                <control type="image">
                    <include>ViewHeaderIconVars</include>
                    <texture>DefaultPicture.png</texture>
                </control>
                <include>ViewHeaderSortLetter</include>
                <control type="grouplist">
                    <posx>110</posx>
                    <posy>0</posy>
                    <orientation>horizontal</orientation>
                    <itemgap>0</itemgap>
                    <control type="label">
                        <width min="0" max="5000">auto</width>
                        <height>120</height>
                        <label>$LOCALIZE[1]</label>
                        <font>Font-Condensed-S36-B</font>
                        <textcolor>C0FFFFFF</textcolor>
                        <scroll>false</scroll>
                        <align>left</align>
                    </control>
                    <control type="label">
                        <width min="0" max="500">auto</width>
                        <height>120</height>
                        <label>$INFO[Container.FolderName,: ,]</label>
                        <font>Font-Condensed-S36-B</font>
                        <textcolor>aawhite</textcolor>
                        <scroll>false</scroll>
                        <align>left</align>
                        <visible>!IsEmpty(Container.FolderPath)</visible>
                    </control>
                </control>
            </control>
            <include>ViewHeaderItemPageInfo</include>
        </control>
    </include>
    
    <include name="AddonHeader">
        <control type="group">
            <posx>75</posx>
            <posy>26</posy>
            <visible>!Window.IsActive(addoninformation) + !Window.IsActive(favourites)</visible>
            <include>BannerListInfoAnimation</include>
            <control type="group">
                <control type="image">
                    <include>ViewHeaderIconVars</include>
                    <texture>$VAR[AddonHeaderIcon]</texture>
                </control>
                <include>ViewHeaderSortLetter</include>
                <control type="grouplist">
                    <posx>110</posx>
                    <posy>0</posy>
                    <orientation>horizontal</orientation>
                    <itemgap>0</itemgap>
                    <control type="label">
                        <width min="0" max="5000">auto</width>
                        <height>120</height>
                        <label>$VAR[AddonHeaderLabel]</label>
                        <font>Font-Condensed-S36-B</font>
                        <textcolor>C0FFFFFF</textcolor>
                        <scroll>false</scroll>
                        <align>left</align>
                    </control>
                    <control type="label">
                        <width min="0" max="500">auto</width>
                        <height>120</height>
                        <label>$INFO[Container.FolderName,: ,]</label>
                        <font>Font-Condensed-S36-B</font>
                        <textcolor>aawhite</textcolor>
                        <scroll>false</scroll>
                        <align>left</align>
                        <visible>!IsEmpty(Container.FolderPath) + !stringcompare(Container.FolderPath,addons://disabled/) + !stringcompare(Container.FolderPath,addons://enabled/) + !stringcompare(Container.FolderPath,addons://repos/)</visible>
                    </control>
                </control>
            </control>
            <include>ViewHeaderItemPageInfo</include>
        </control>
    </include>
    
    <include name="FileManagerHeader">
        <control type="group">
            <posx>75</posx>
            <posy>26</posy>
            <visible>!Window.IsActive(addoninformation) + !Window.IsActive(favourites)</visible>
            <include>BannerListInfoAnimation</include>
            <control type="group">
                <control type="image">
                    <posx>17</posx>
                    <posy>32</posy>
                    <width>85</width>
                    <height>85</height>
                    <texture>DefaultFile.png</texture>
                    <visible>!Container(20).Scrolling + !Container(21).Scrolling</visible>
                    <animation type="Hidden">
                        <effect type="fade" start="100" end="8" tween="sine" easing="out" time="300" /> 
                        <effect type="zoom" start="100" end="50" center="60,75" tween="sine" easing="inout" time="300" />
                    </animation>
                    <animation type="Visible">
                        <effect type="fade" start="8" end="100" tween="sine" easing="out" time="300" delay="2000" /> 
                        <effect type="zoom" start="50" end="100" center="60,75" tween="sine" easing="inout" time="300" delay="2000" />
                    </animation>
                </control>
                <control type="group">
                    <posx>17</posx>
                    <posy>32</posy>
                    <visible>Container(20).Scrolling | Container(21).Scrolling</visible>
                    <animation type="Visible">
                        <effect type="fade" start="0" end="100" time="300" tween="sine" easing="in" />
                        <effect type="slide" start="0,-75" end="0,0" time="350" tween="sine" easing="out" />
                    </animation>
                    <animation type="Hidden">
                        <effect type="fade" start="100" end="0" time="250" tween="sine" easing="out" delay="2000" />
                        <effect type="slide" start="0,0" end="0,-75" time="300" tween="sine" easing="out" delay="2000" />
                    </animation>
                    <control type="image">
                        <posx>0</posx>
                        <posy>0</posy>
                        <width>85</width>
                        <height>85</height>
                        <texture>DefaultSortLetter.png</texture>
                    </control>
                    <control type="label">
                        <posx>0</posx>
                        <posy>1</posy>
                        <width>85</width>
                        <height>85</height>
                        <align>center</align>
                        <font>Font-Condensed-S52-B</font>
                        <label>$VAR[FileManagerSortLetterLabel]</label>
                        <textcolor>C0000000</textcolor>
                        <shadowcolor>white</shadowcolor>
                    </control>
                </control>
                <control type="label">
                    <posx>110</posx>
                    <posy>15</posy>
                    <width>500</width>
                    <height>120</height>
                    <label>$LOCALIZE[7]</label>
                    <font>Font-Condensed-S36-B</font>
                    <textcolor>C0FFFFFF</textcolor>
                    <scroll>false</scroll>
                    <align>left</align>
                </control>
            </control>
        </control>
    </include>
    
    <include name="PlaylistEditorHeader">
        <control type="group">
            <posx>75</posx>
            <posy>26</posy>
            <visible>!Window.IsActive(musicinformation) + !Window.IsActive(favourites)</visible>
            <include>BannerListInfoAnimation</include>
            <control type="group">
                <control type="image">
                    <posx>17</posx>
                    <posy>32</posy>
                    <width>85</width>
                    <height>85</height>
                    <texture>DefaultPlaylist.png</texture>
                </control>
                <control type="label">
                    <posx>110</posx>
                    <posy>15</posy>
                    <width>500</width>
                    <height>120</height>
                    <label>$LOCALIZE[10503]</label>
                    <font>Font-Condensed-S36-B</font>
                    <textcolor>C0FFFFFF</textcolor>
                    <scroll>false</scroll>
                    <align>left</align>
                </control>
            </control>
        </control>
    </include>
    
    <include name="SettingsHeader">
        <control type="group">
            <posx>75</posx>
            <posy>26</posy>
            <visible>!Window.IsActive(favourites)</visible>
            <include>BannerListInfoAnimation</include>
            <control type="group">
                <control type="image">
                    <posx>17</posx>
                    <posy>32</posy>
                    <width>85</width>
                    <height>85</height>
                    <texture>$VAR[SettingsIcon]</texture>
                </control>
                <control type="grouplist">
                    <posx>110</posx>
                    <posy>0</posy>
                    <orientation>horizontal</orientation>
                    <itemgap>0</itemgap>
                    <control type="label">
                        <width min="0" max="500">auto</width>
                        <height>120</height>
                        <label>$LOCALIZE[5]</label>
                        <font>Font-Condensed-S36-B</font>
                        <textcolor>C0FFFFFF</textcolor>
                        <scroll>false</scroll>
                        <align>left</align>
                    </control>
                    <control type="label">
                        <width min="0" max="500">auto</width>
                        <height>120</height>
                        <label>: $VAR[SettingsHeaderLabel]</label>
                        <font>Font-Condensed-S36-B</font>
                        <textcolor>aawhite</textcolor>
                        <scroll>false</scroll>
                        <align>left</align>
                    </control>
                </control>
            </control>
            <control type="label">
                <posx>110</posx>
                <posy>32</posy>
                <width>765</width>
                <height>120</height>
                <label>$VAR[SettingsHeaderSubLabel]</label>
                <font>Font-Condensed-S28</font>
                <textcolor>80FFFFFF</textcolor>
                <scroll>false</scroll>
                <align>left</align>
                <wrapmultiline>false</wrapmultiline>
            </control>
        </control>
    </include>
    
    <include name="PVRHeader">
        <control type="group">
            <posx>75</posx>
            <posy>26</posy>
            <visible>!Window.IsActive(addoninformation) + !Window.IsActive(favourites)</visible>
            <include>BannerListInfoAnimation</include>
            <control type="group">
                <control type="image">
                    <include>ViewHeaderIconVars</include>
                    <texture>$VAR[PVRHeaderIcon]</texture>
                </control>
                <include>ViewHeaderSortLetter</include>
                <control type="grouplist">
                    <posx>110</posx>
                    <posy>0</posy>
                    <orientation>horizontal</orientation>
                    <itemgap>0</itemgap>
                    <control type="label">
                        <width min="0" max="500">auto</width>
                        <height>120</height>
                        <label>$LOCALIZE[19020]</label>
                        <font>Font-Condensed-S36-B</font>
                        <textcolor>C0FFFFFF</textcolor>
                        <scroll>false</scroll>
                        <align>left</align>
                    </control>
                    <control type="label">
                        <width min="0" max="500">auto</width>
                        <height>120</height>
                        <label>$INFO[Control.GetLabel(29),: ,]</label>
                        <font>Font-Condensed-S36-B</font>
                        <textcolor>B0FFFFFF</textcolor>
                        <scroll>false</scroll>
                        <align>left</align>
                    </control>
                    <control type="label">
                        <width min="0" max="500">auto</width>
                        <height>120</height>
                        <label>$INFO[Control.GetLabel(30),: ,]</label>
                        <font>Font-Condensed-S36-B</font>
                        <textcolor>A0FFFFFF</textcolor>
                        <scroll>false</scroll>
                        <align>left</align>
                    </control>
                </control>
                <include>ViewHeaderItemPageInfo</include>
            </control>
        </control>
    </include>
    
    <include name="WeatherHeader">
        <control type="group">
            <posx>75</posx>
            <posy>26</posy>
            <visible>!Window.IsActive(favourites)</visible>
            <include>BannerListInfoAnimation</include>
            <control type="group">
                <control type="image">
                    <posx>17</posx>
                    <posy>32</posy>
                    <width>85</width>
                    <height>85</height>
                    <texture>DefaultAddonWeather.png</texture>
                    <visible>Weather.IsFetched</visible>
                    <animation type="Hidden">
                        <effect type="fade" start="100" end="8" tween="sine" easing="out" time="300" /> 
                        <effect type="zoom" start="100" end="50" center="60,75" tween="sine" easing="inout" time="300" />
                    </animation>
                    <animation type="Visible">
                        <effect type="fade" start="8" end="100" tween="sine" easing="out" time="300" /> 
                        <effect type="zoom" start="50" end="100" center="60,75" tween="sine" easing="inout" time="300" />
                    </animation>
                </control>
                <control type="label">
                    <posx>115</posx>
                    <posy>25</posy>
                    <width>770</width>
                    <height>100</height>
                    <label>$LOCALIZE[41562]</label>
                    <font>Font-Condensed-S36-B</font>
                    <textcolor>C0FFFFFF</textcolor>
                    <scroll>false</scroll>
                    <align>left</align>
                    <visible>!Weather.IsFetched</visible>
                    <include>visiblehidefadeinfo</include>
                </control>
                <control type="group">
                    <visible>Weather.IsFetched</visible>
                    <include>visiblehidefadeinfo</include>
                    <control type="label">
                        <posx>115</posx>
                        <posy>0</posy>
                        <width>770</width>
                        <height>120</height>
                        <label fallback="41563">$INFO[Window.Property(Location)]</label>
                        <font>Font-Condensed-S36-B</font>
                        <textcolor>C0FFFFFF</textcolor>
                        <scroll>false</scroll>
                        <align>left</align>
                    </control>
                    <control type="label">
                        <posx>115</posx>
                        <posy>32</posy>
                        <width>770</width>
                        <height>120</height>
                        <label>$INFO[Window.Property(WeatherProvider)]</label>
                        <font>Font-Condensed-S28</font>
                        <textcolor>80FFFFFF</textcolor>
                        <scroll>false</scroll>
                        <align>left</align>
                    </control>
                </control>
            </control>
        </control>
        <control type="group" id="102">
            <posx>75</posx>
            <posy>26</posy>
            <include>BannerListInfoAnimation</include>
            <visible>!Weather.IsFetched</visible>
            <control type="image">
                <posx>10</posx>
                <posy>25</posy>
                <width>100</width>
                <height>100</height>
                <texture>dialogs/extendedprogress/loading-back-busy.png</texture>
            </control>
            <control type="image">
                <posx>10</posx>
                <posy>25</posy>
                <width>100</width>
                <height>100</height>
                <texture>dialogs/search/loading.png</texture>
                <animation effect="rotate" center="auto" start="360" end="0" time="1500" loop="true" condition="Control.IsVisible(102)">Conditional</animation>
            </control>
        </control>
    </include>
</includes>