<window>
    <defaultcontrol always="true">2</defaultcontrol>
    <allowoverlay>no</allowoverlay>
    <controls>
        <control type="group">
            <animation type="WindowOpen" condition="Window.IsVisible(contentsettings) | Window.IsVisible(3004) | Window.IsVisible(script-XBMC-Subtitles-main.xml)" reversible="false">
                <effect type="fade" start="0" end="100" time="0" delay="310" />
            </animation>
            <include condition="!Window.IsActive(fullscreenvideo) + !Window.IsActive(visualisation)">DialogAddonSettings</include>
            <include condition="Window.IsActive(fullscreenvideo) | Window.IsActive(visualisation)">DialogAddonSettingsOSD</include>
        </control>
    </controls>
</window>
