<window>
    <defaultcontrol always="true">5</defaultcontrol>
    <onunload condition="VideoPlayer.Content(LiveTV)">ClearProperty(ShowNext,seekbar)</onunload>
    <onunload>ClearProperty(ExtendPlot,seekbar)</onunload>
    <zorder>3</zorder>
    <controls>
        <control type="group">
            <animation type="WindowOpen" condition="Player.Paused | Player.ShowInfo">
                <effect type="fade" start="0" end="100" time="200" tween="sine" easing="inout" />
            </animation>
            <animation type="WindowOpen" condition="!Player.Paused + !Player.ShowInfo">
                <effect type="fade" start="0" end="100" time="200" tween="sine" easing="inout" delay="300" />
            </animation>
            <animation type="WindowClose">
                <effect type="fade" start="100" end="0" time="200" tween="sine" easing="in"/>
            </animation>
            <animation type="Visible" reversible="false">
                <effect type="fade" start="0" end="100" time="300" tween="sine" easing="inout" delay="150" />
            </animation>
            <animation type="Hidden" reversible="false">
                <effect type="fade" start="100" end="0" time="200" tween="sine" easing="out" />
            </animation>
            <animation effect="slide" start="0,0" end="0,205" time="300" tween="cubic" easing="inout" condition="Window.IsActive(videoosd) | [!Window.IsActive(videoosd) + [Window.IsActive(script-XBMC-Subtitles-main.xml) | Window.IsActive(pvrguideinfo) | Window.IsActive(pvrosdchannels) | Window.IsActive(pvrosdguide) | Window.IsActive(yesnodialog) | Window.IsActive(okdialog) | Window.IsActive(progressdialog) | Window.IsActive(virtualkeyboard) | Window.IsActive(numericinput) | Window.IsActive(shutdownmenu) | Window.IsActive(osdvideosettings) | Window.IsActive(osdaudiosettings) | Window.IsActive(videobookmarks)]]">Conditional</animation>
            <visible>!Window.IsActive(videoosd) + ![!Window.IsActive(videoosd) + [Window.IsActive(script-XBMC-Subtitles-main.xml) | Window.IsActive(pvrguideinfo) | Window.IsActive(pvrosdchannels) | Window.IsActive(pvrosdguide) | Window.IsActive(yesnodialog) | Window.IsActive(okdialog) | Window.IsActive(progressdialog) | Window.IsActive(virtualkeyboard) | Window.IsActive(numericinput) | Window.IsActive(shutdownmenu) | Window.IsActive(osdvideosettings) | Window.IsActive(osdaudiosettings) | Window.IsActive(videobookmarks)]]</visible>
            <control type="grouplist" id="5">
                <posx>1550</posx>
                <posy>637</posy>
                <width>300</width>
                <height>100</height>
                <align>right</align>
                <orientation>horizontal</orientation>
                <itemgap>-40</itemgap>
                <onup condition="IsEmpty(Window(seekbar).Property(ExtendPlot))">SetProperty(ExtendPlot,1,seekbar)</onup>
                <ondown condition="!IsEmpty(Window(seekbar).Property(ExtendPlot))">ClearProperty(ExtendPlot,seekbar)</ondown>
                <usecontrolcoords>true</usecontrolcoords>
                <control type="button" id="51">
                    <posx>0</posx>
                    <posy>0</posy>
                    <width>100</width>
                    <height>100</height>
                    <texturenofocus border="100,0,0,0">buttons/switch-nf.png</texturenofocus>
                    <texturefocus border="100,0,0,0">buttons/switch-fo.png</texturefocus>
                    <onclick condition="VideoPlayer.Content(LiveTV) + IsEmpty(Window(seekbar).Property(ShowNext))">SetProperty(ShowNext,1,seekbar)</onclick>
                    <onclick condition="VideoPlayer.Content(LiveTV) + !IsEmpty(Window(seekbar).Property(ShowNext))">ClearProperty(ShowNext,seekbar)</onclick>
                    <visible>VideoPlayer.Content(LiveTV)</visible>
                </control>
                <control type="togglebutton" id="52">
                    <posx>4</posx>
                    <posy>0</posy>
                    <width>100</width>
                    <height>100</height>
                    <texturefocus border="0,0,100,0">buttons/up-fo.png</texturefocus>
                    <texturenofocus border="0,0,100,0">buttons/up-nf.png</texturenofocus>
                    <alttexturefocus border="0,0,100,0">buttons/down-fo.png</alttexturefocus>
                    <alttexturenofocus border="0,0,100,0">buttons/down-nf.png</alttexturenofocus>
                    <usealttexture>!IsEmpty(Window(seekbar).Property(ExtendPlot))</usealttexture>
                    <onclick condition="IsEmpty(Window(seekbar).Property(ExtendPlot))">SetProperty(ExtendPlot,1,seekbar)</onclick>
                    <onclick condition="!IsEmpty(Window(seekbar).Property(ExtendPlot))">ClearProperty(ExtendPlot,seekbar)</onclick>
                </control>
                <control type="button" id="53">
                    <posx>0</posx>
                    <posy>0</posy>
                    <width>100</width>
                    <height>100</height>
                    <texturenofocus border="100,0,0,0">buttons/cancel-nf.png</texturenofocus>
                    <texturefocus border="100,0,0,0">buttons/cancel-fo.png</texturefocus>
                    <onclick>PreviousMenu</onclick>
                </control>
            </control>
            <control type="textbox">
                <posx>360</posx>
                <posy>740</posy>
                <width>1460</width>
                <height>260</height>
                <label>$VAR[OSDPlot]</label>
                <textcolor>aawhite</textcolor>
                <font>Font-Condensed-S38</font>
                <align>justify</align>
                <autoscroll delay="11500" time="5000" repeat="7500">!Skin.HasSetting(AutoScroll.Disable)</autoscroll>
                <visible>!IsEmpty(VideoPlayer.Plot) + !IsEmpty(Window(seekbar).Property(ExtendPlot))</visible>
                <include>visiblehidefadeinfo</include>
            </control>
        </control>
    </controls>
</window>