<includes>
<!-- =============== -->
<!-- Guide Interface -->
<!-- =============== -->

    <!-- This needs something like Dialog.Close(all) with animations in the future -->
    <include name="GuideDialogClose">
        <onclick condition="!IsEmpty(Window(3004).Property(ChooseArt))">ClearProperty(ChooseArt,3004)</onclick>
        <onclick condition="Window.IsActive(script-Actors-DialogInfo.xml) | Window.IsActive(script-DialogVideoInfo.xml)">ClearProperty(script.metadata.actors.hasparent,home)</onclick>
        <onclick condition="Window.IsActive(script-Actors-DialogInfo.xml) | Window.IsActive(script-DialogVideoInfo.xml)">ClearProperty(script.metadata.actors.push,home)</onclick>
        <onclick condition="Window.IsActive(yesnodialog)">Dialog.Close(yesnodialog)</onclick>
        <onclick condition="Window.IsActive(virtualkeyboard)">Dialog.Close(virtualkeyboard)</onclick>
        <onclick condition="Window.IsActive(contextmenu)">Dialog.Close(contextmenu)</onclick>
        <onclick condition="Window.IsActive(numericinput)">Dialog.Close(numericinput)</onclick>
        <onclick condition="Window.IsActive(shutdownmenu)">Dialog.Close(shutdownmenu)</onclick>
        <onclick condition="Window.IsActive(seekbar)">Dialog.Close(seekbar)</onclick>
        <onclick condition="Window.IsActive(musicosd)">Dialog.Close(musicosd)</onclick>
        <onclick condition="Window.IsActive(visualisationpresetlist)">Dialog.Close(visualisationpresetlist)</onclick>
        <onclick condition="Window.IsActive(osdvideosettings)">Dialog.Close(osdvideosettings)</onclick>
        <onclick condition="Window.IsActive(osdaudiosettings)">Dialog.Close(osdaudiosettings)</onclick>
        <onclick condition="Window.IsActive(videobookmarks)">Dialog.Close(videobookmarks)</onclick>
        <onclick condition="Window.IsActive(filebrowser)">Dialog.Close(filebrowser)</onclick>
        <onclick condition="Window.IsActive(networksetup)">Dialog.Close(networksetup)</onclick>
        <onclick condition="Window.IsActive(mediasource)">Dialog.Close(mediasource)</onclick>
        <onclick condition="Window.IsActive(contentsettings)">Dialog.Close(contentsettings)</onclick>
        <onclick condition="Window.IsActive(favourites)">Dialog.Close(favourites)</onclick>
        <onclick condition="Window.IsActive(songinformation)">Dialog.Close(songinformation)</onclick>
        <onclick condition="Window.IsActive(smartplaylisteditor)">Dialog.Close(smartplaylisteditor)</onclick>
        <onclick condition="Window.IsActive(smartplaylistrule)">Dialog.Close(smartplaylistrule)</onclick>
        <onclick condition="Window.IsActive(pictureinfo)">Dialog.Close(pictureinfo)</onclick>
        <onclick condition="Window.IsActive(addonsettings)">Dialog.Close(addonsettings)</onclick>
        <onclick condition="Window.IsActive(accesspoints)">Dialog.Close(accesspoints)</onclick>
        <onclick condition="Window.IsActive(fullscreeninfo)">Dialog.Close(fullscreeninfo)</onclick>
        <onclick condition="Window.IsActive(karaokeselector)">Dialog.Close(karaokeselector)</onclick>
        <onclick condition="Window.IsActive(karaokelargeselector)">Dialog.Close(karaokelargeselector)</onclick>
        <onclick condition="Window.IsActive(sliderdialog)">Dialog.Close(sliderdialog)</onclick>
        <onclick condition="Window.IsActive(addoninformation)">Dialog.Close(addoninformation)</onclick>
        <onclick condition="Window.IsActive(peripherals)">Dialog.Close(peripherals)</onclick>
        <onclick condition="Window.IsActive(peripheralsettings)">Dialog.Close(peripheralsettings)</onclick>
        <onclick condition="Window.IsActive(mediafilter)">Dialog.Close(mediafilter)</onclick>
        <onclick condition="Window.IsActive(pvrguideinfo)">Dialog.Close(pvrguideinfo)</onclick>
        <onclick condition="Window.IsActive(pvrrecordinginfo)">Dialog.Close(pvrrecordinginfo)</onclick>
        <onclick condition="Window.IsActive(pvrtimersetting)">Dialog.Close(pvrtimersetting)</onclick>
        <onclick condition="Window.IsActive(pvrgroupmanager)">Dialog.Close(pvrgroupmanager)</onclick>
        <onclick condition="Window.IsActive(pvrchannelmanager)">Dialog.Close(pvrchannelmanager)</onclick>
        <onclick condition="Window.IsActive(pvrguidesearch)">Dialog.Close(pvrguidesearch)</onclick>
        <onclick condition="Window.IsActive(pvrosdchannels)">Dialog.Close(pvrosdchannels)</onclick>
        <onclick condition="Window.IsActive(pvrosdguide)">Dialog.Close(pvrosdguide)</onclick>
        <onclick condition="Window.IsActive(selectdialog)">Dialog.Close(selectdialog)</onclick>
        <onclick condition="Window.IsActive(musicinformation)">Dialog.Close(musicinformation)</onclick>
        <onclick condition="Window.IsActive(okdialog)">Dialog.Close(okdialog)</onclick>
        <onclick condition="Window.IsActive(movieinformation)">Dialog.Close(movieinformation)</onclick>
        <onclick condition="Window.IsActive(filestackingdialog)">Dialog.Close(filestackingdialog)</onclick>
        <onclick condition="Window.IsActive(1122)">Dialog.Close(1122)</onclick>
        <onclick condition="Window.IsActive(3000)">Dialog.Close(3000)</onclick>
        <onclick condition="Window.IsActive(3001)">Dialog.Close(3001)</onclick>
        <onclick condition="Window.IsActive(3002)">Dialog.Close(3002)</onclick>
        <onclick condition="Window.IsActive(3003)">Dialog.Close(3003)</onclick>
        <onclick condition="Window.IsActive(3004)">Dialog.Close(3004)</onclick>
        <onclick condition="Window.IsActive(3005)">Dialog.Close(3005)</onclick>
        <onclick condition="Window.IsActive(3006)">Dialog.Close(3006)</onclick>
        <onclick condition="Window.IsActive(3007)">Dialog.Close(3007)</onclick>
        <onclick condition="Window.IsActive(3008)">Dialog.Close(3008)</onclick>
        <onclick condition="Window.IsActive(3009)">Dialog.Close(3009)</onclick>
        <onclick condition="Window.IsActive(3010)">Dialog.Close(3010)</onclick>
        <onclick condition="Window.IsActive(3011)">Dialog.Close(3011)</onclick>
        <onclick condition="Window.IsActive(3012)">Dialog.Close(3012)</onclick>
        <onclick condition="Window.IsActive(3013)">Dialog.Close(3013)</onclick>
        <onclick condition="Window.IsActive(3014)">Dialog.Close(3014)</onclick>
        <onclick condition="Window.IsActive(3015)">Dialog.Close(3015)</onclick>
        <onclick condition="Window.IsActive(3016)">Dialog.Close(3016)</onclick>
        <onclick condition="Window.IsActive(3017)">Dialog.Close(3017)</onclick>
        <onclick condition="Window.IsActive(3018)">Dialog.Close(3018)</onclick>
        <onclick condition="Window.IsActive(3019)">Dialog.Close(3019)</onclick>
        <onclick condition="Window.IsActive(3020)">Dialog.Close(3020)</onclick>
        <onclick condition="Window.IsActive(3021)">Dialog.Close(3021)</onclick>
        <onclick condition="Window.IsActive(3022)">Dialog.Close(3022)</onclick>
        <onclick condition="Window.IsActive(3023)">Dialog.Close(3023)</onclick>
        <onclick condition="Window.IsActive(3024)">Dialog.Close(3024)</onclick>
        <onclick condition="Window.IsActive(3025)">Dialog.Close(3025)</onclick>
        <onclick condition="Window.IsActive(3026)">Dialog.Close(3026)</onclick>
        <onclick condition="Window.IsActive(3027)">Dialog.Close(3027)</onclick>
        <onclick condition="Window.IsActive(3028)">Dialog.Close(3028)</onclick>
        <onclick condition="Window.IsActive(3029)">Dialog.Close(3029)</onclick>
        <onclick condition="Window.IsActive(3030)">Dialog.Close(3030)</onclick>
        <onclick condition="Window.IsActive(3031)">Dialog.Close(3031)</onclick>
        <onclick condition="Window.IsActive(3032)">Dialog.Close(3032)</onclick>
        <onclick condition="Window.IsActive(3033)">Dialog.Close(3033)</onclick>
        <onclick condition="Window.IsActive(3034)">Dialog.Close(3034)</onclick>
        <onclick condition="Window.IsActive(3035)">Dialog.Close(3035)</onclick>
        <onclick condition="Window.IsActive(3036)">Dialog.Close(3036)</onclick>
        <onclick condition="Window.IsActive(3037)">Dialog.Close(3037)</onclick>
        <onclick condition="Window.IsActive(3038)">Dialog.Close(3038)</onclick>
        <onclick condition="Window.IsActive(3039)">Dialog.Close(3039)</onclick>
        <onclick condition="Window.IsActive(3040)">Dialog.Close(3040)</onclick>
        <onclick condition="Window.IsActive(3041)">Dialog.Close(3041)</onclick>
        <onclick condition="Window.IsActive(3042)">Dialog.Close(3042)</onclick>
        <onclick condition="Window.IsActive(3043)">Dialog.Close(3043)</onclick>
        <onclick condition="Window.IsActive(3044)">Dialog.Close(3044)</onclick>
        <onclick condition="Window.IsActive(3045)">Dialog.Close(3045)</onclick>
        <onclick condition="Window.IsActive(3046)">Dialog.Close(3046)</onclick>
        <onclick condition="Window.IsActive(3047)">Dialog.Close(3047)</onclick>
        <onclick condition="Window.IsActive(3048)">Dialog.Close(3048)</onclick>
        <onclick condition="Window.IsActive(3049)">Dialog.Close(3049)</onclick>
        <onclick condition="Window.IsActive(3050)">Dialog.Close(3050)</onclick>
        <onclick condition="Window.IsActive(3051)">Dialog.Close(3051)</onclick>
        <onclick condition="Window.IsActive(3052)">Dialog.Close(3052)</onclick>
        <onclick condition="Window.IsActive(3053)">Dialog.Close(3053)</onclick>
        <onclick condition="Window.IsActive(3054)">Dialog.Close(3054)</onclick>
        <onclick condition="Window.IsActive(3055)">Dialog.Close(3055)</onclick>
        <onclick condition="Window.IsActive(3056)">Dialog.Close(3056)</onclick>
        <onclick condition="Window.IsActive(3057)">Dialog.Close(3057)</onclick>
        <onclick condition="Window.IsActive(3058)">Dialog.Close(3058)</onclick>
        <onclick condition="Window.IsActive(3059)">Dialog.Close(3059)</onclick>
        <onclick condition="Window.IsActive(3060)">Dialog.Close(3060)</onclick>
        <onclick condition="Window.IsActive(3061)">Dialog.Close(3061)</onclick>
        <onclick condition="Window.IsActive(3062)">Dialog.Close(3062)</onclick>
        <onclick condition="Window.IsActive(3063)">Dialog.Close(3063)</onclick>
        <onclick condition="Window.IsActive(3064)">Dialog.Close(3064)</onclick>
        <onclick condition="Window.IsActive(3065)">Dialog.Close(3065)</onclick>
        <onclick condition="Window.IsActive(3066)">Dialog.Close(3066)</onclick>
        <onclick condition="Window.IsActive(3067)">Dialog.Close(3067)</onclick>
        <onclick condition="Window.IsActive(3068)">Dialog.Close(3068)</onclick>
        <onclick condition="Window.IsActive(3069)">Dialog.Close(3069)</onclick>
        <onclick condition="Window.IsActive(3070)">Dialog.Close(3070)</onclick>
        <onclick condition="Window.IsActive(3071)">Dialog.Close(3071)</onclick>
        <onclick condition="Window.IsActive(3072)">Dialog.Close(3072)</onclick>
        <onclick condition="Window.IsActive(3073)">Dialog.Close(3073)</onclick>
        <onclick condition="Window.IsActive(3074)">Dialog.Close(3074)</onclick>
        <onclick condition="Window.IsActive(3075)">Dialog.Close(3075)</onclick>
        <onclick condition="Window.IsActive(3076)">Dialog.Close(3076)</onclick>
        <onclick condition="Window.IsActive(3077)">Dialog.Close(3077)</onclick>
        <onclick condition="Window.IsActive(3078)">Dialog.Close(3078)</onclick>
        <onclick condition="Window.IsActive(3079)">Dialog.Close(3079)</onclick>
        <onclick condition="Window.IsActive(3080)">Dialog.Close(3080)</onclick>
        <onclick condition="Window.IsActive(3081)">Dialog.Close(3081)</onclick>
        <onclick condition="Window.IsActive(3082)">Dialog.Close(3082)</onclick>
        <onclick condition="Window.IsActive(3083)">Dialog.Close(3083)</onclick>
        <onclick condition="Window.IsActive(3084)">Dialog.Close(3084)</onclick>
        <onclick condition="Window.IsActive(3085)">Dialog.Close(3085)</onclick>
        <onclick condition="Window.IsActive(3086)">Dialog.Close(3086)</onclick>
        <onclick condition="Window.IsActive(3087)">Dialog.Close(3087)</onclick>
        <onclick condition="Window.IsActive(3088)">Dialog.Close(3088)</onclick>
        <onclick condition="Window.IsActive(3089)">Dialog.Close(3089)</onclick>
        <onclick condition="Window.IsActive(3090)">Dialog.Close(3090)</onclick>
        <onclick condition="Window.IsActive(3091)">Dialog.Close(3091)</onclick>
        <onclick condition="Window.IsActive(3092)">Dialog.Close(3092)</onclick>
        <onclick condition="Window.IsActive(3093)">Dialog.Close(3093)</onclick>
        <onclick condition="Window.IsActive(3094)">Dialog.Close(3094)</onclick>
        <onclick condition="Window.IsActive(3095)">Dialog.Close(3095)</onclick>
        <onclick condition="Window.IsActive(3096)">Dialog.Close(3096)</onclick>
        <onclick condition="Window.IsActive(3097)">Dialog.Close(3097)</onclick>
        <onclick condition="Window.IsActive(3098)">Dialog.Close(3098)</onclick>
        <onclick condition="Window.IsActive(3099)">Dialog.Close(3099)</onclick>
        <onclick condition="Window.IsActive(playercontrols)">Dialog.Close(playercontrols)</onclick>
        <onclick condition="Window.IsActive(textviewer)">Dialog.Close(textviewer,true)</onclick>
    </include>

    <include name="GuideList">
        <posx>643</posx>
        <posy>333</posy>
        <width>743</width>
        <height>469</height>
        <orientation>vertical</orientation>
        <scrolltime>0</scrolltime>
        <onleft>9102</onleft>
        <onright>9105</onright>
        <itemlayout height="67" width="743">
            <control type="image">
                <posx>0</posx>
                <posy>0</posy>
                <width>743</width>
                <height>68</height>
                <texture border="90,3,90,3">views/list/other/separator.png</texture>
            </control>
            <control type="label">
                <posx>26</posx>
                <posy>0</posy>
                <width>698</width>
                <height>66</height>
                <label>$INFO[ListItem.Label]</label>
                <textcolor>77white</textcolor>
                <shadowcolor>22000000</shadowcolor>
                <font>Font-Condensed-S41</font>
                <align>left</align>
            </control>
        </itemlayout>
        <focusedlayout height="67" width="743">
            <control type="button">
                <onfocus>ClearProperty(left)</onfocus>
                <onfocus>ClearProperty(right)</onfocus>
            </control>
            <control type="image">
                <posx>0</posx>
                <posy>0</posy>
                <width>743</width>
                <height>68</height>
                <texture border="90,3,90,3">views/list/other/separator.png</texture>
            </control>
            <control type="image">
                <posx>0</posx>
                <posy>0</posy>
                <width>743</width>
                <height>66</height>
                <texture border="150,1,150,1">views/other/focus.png</texture>
                <include>guidelistfocusanim2</include>
            </control>
            <control type="label">
                <posx>26</posx>
                <posy>0</posy>
                <width>698</width>
                <height>66</height>
                <label>$INFO[ListItem.Label]</label>
                <textcolor>eewhite</textcolor>
                <shadowcolor>22000000</shadowcolor>
                <font>Font-Condensed-S41</font>
                <align>left</align>
                <include>guidelistfocusanim</include>
            </control>
        </focusedlayout>
        <content>
            <item id="0">
                <label>$LOCALIZE[41445]</label> 
                <include>GuideDialogClose</include>
                <onclick>ActivateWindow(videos,movietitles,return)</onclick>
            </item>
            <item id="1">
                <label>$LOCALIZE[41446]</label>
                <include>GuideDialogClose</include>
                <onclick>ActivateWindow(videos,tvshowtitles,return)</onclick>
            </item>
            <item id="2">
                <label>$LOCALIZE[41447]</label>
                <include>GuideDialogClose</include>
                <onclick condition="IsEmpty(Skin.String(music.path))">ActivateWindow(musiclibrary)</onclick>
                <onclick condition="!IsEmpty(Skin.String(music.path))">ActivateWindow(musiclibrary,$INFO[Skin.String(music.path)],return)</onclick>
            </item>
            <item id="3">
                <label>$LOCALIZE[41448]</label>
                <include>GuideDialogClose</include>
                <onclick>ActivateWindow(pictures)</onclick>
                <visible>!Skin.HasSetting(Guide.Custom1) + IsEmpty(Skin.String(Guide.Custom1.Path))</visible>
            </item>
            <item id="4">
                <label>$INFO[Skin.String(Guide.Custom1.Label)]</label>
                <include>GuideDialogClose</include>
                <onclick condition="!stringcompare(Skin.String(Guide.Custom1.Type),4) + !stringcompare(Skin.String(Guide.Custom1.Type),5) + !stringcompare(Skin.String(Guide.Custom1.Type),6) + !stringcompare(Skin.String(Guide.Custom1.Type),7)">RunAddon($INFO[Skin.String(Guide.Custom1.Path)])</onclick>
                <onclick condition="stringcompare(Skin.String(Guide.Custom1.Type),4)">ActivateWindow(Videos,$INFO[Skin.String(Guide.Custom1.Path)],return)</onclick>
                <onclick condition="stringcompare(Skin.String(Guide.Custom1.Type),5)">ActivateWindow(MusicLibrary,$INFO[Skin.String(Guide.Custom1.Path)],return)</onclick>
                <onclick condition="stringcompare(Skin.String(Guide.Custom1.Type),6) | stringcompare(Skin.String(Guide.Custom1.Type),7)">$INFO[Skin.String(Guide.Custom1.Path)]</onclick>
                <visible>Skin.HasSetting(Guide.Custom1) + !IsEmpty(Skin.String(Guide.Custom1.Path))</visible>
            </item>
            <item id="5">
                <label>$LOCALIZE[41504]</label>
                <include>GuideDialogClose</include>
                <onclick>ActivateWindow(programs)</onclick>
                <visible>!Skin.HasSetting(Guide.Custom2) + IsEmpty(Skin.String(Guide.Custom2.Path))</visible>
            </item>
            <item id="6">
                <label>$INFO[Skin.String(Guide.Custom2.Label)]</label>
                <include>GuideDialogClose</include>
                <onclick condition="!stringcompare(Skin.String(Guide.Custom2.Type),4) + !stringcompare(Skin.String(Guide.Custom2.Type),5) + !stringcompare(Skin.String(Guide.Custom2.Type),6) + !stringcompare(Skin.String(Guide.Custom2.Type),7)">RunAddon($INFO[Skin.String(Guide.Custom2.Path)])</onclick>
                <onclick condition="stringcompare(Skin.String(Guide.Custom2.Type),4)">ActivateWindow(Videos,$INFO[Skin.String(Guide.Custom2.Path)],return)</onclick>
                <onclick condition="stringcompare(Skin.String(Guide.Custom2.Type),5)">ActivateWindow(MusicLibrary,$INFO[Skin.String(Guide.Custom2.Path)],return)</onclick>
                <onclick condition="stringcompare(Skin.String(Guide.Custom2.Type),6) | stringcompare(Skin.String(Guide.Custom2.Type),7)">$INFO[Skin.String(Guide.Custom2.Path)]</onclick>
                <visible>Skin.HasSetting(Guide.Custom2) + !IsEmpty(Skin.String(Guide.Custom2.Path))</visible>
            </item>
            <item id="7">
                <label>$LOCALIZE[41450]</label>
                <include>GuideDialogClose</include>
                <onclick>ActivateWindow(videos,RecentlyAddedMovies,return)</onclick>
                <visible>!Skin.HasSetting(Guide.Custom3) + IsEmpty(Skin.String(Guide.Custom3.Path))</visible>
            </item>
            <item id="8">
                <label>$INFO[Skin.String(Guide.Custom3.Label)]</label>
                <include>GuideDialogClose</include>
                <onclick condition="!stringcompare(Skin.String(Guide.Custom3.Type),4) + !stringcompare(Skin.String(Guide.Custom3.Type),5) + !stringcompare(Skin.String(Guide.Custom3.Type),6) + !stringcompare(Skin.String(Guide.Custom3.Type),7)">RunAddon($INFO[Skin.String(Guide.Custom3.Path)])</onclick>
                <onclick condition="stringcompare(Skin.String(Guide.Custom3.Type),4)">ActivateWindow(Videos,$INFO[Skin.String(Guide.Custom3.Path)],return)</onclick>
                <onclick condition="stringcompare(Skin.String(Guide.Custom3.Type),5)">ActivateWindow(MusicLibrary,$INFO[Skin.String(Guide.Custom3.Path)],return)</onclick>
                <onclick condition="stringcompare(Skin.String(Guide.Custom3.Type),6) | stringcompare(Skin.String(Guide.Custom3.Type),7)">$INFO[Skin.String(Guide.Custom3.Path)]</onclick>
                <visible>Skin.HasSetting(Guide.Custom3) + !IsEmpty(Skin.String(Guide.Custom3.Path))</visible>
            </item>
            <item id="9">
                <label>$LOCALIZE[41451]</label>
                <include>GuideDialogClose</include>
                <onclick>ActivateWindow(videos,RecentlyAddedEpisodes,return)</onclick>
                <visible>!Skin.HasSetting(Guide.Custom4) + IsEmpty(Skin.String(Guide.Custom4.Path))</visible>
            </item>
            <item id="10">
                <label>$INFO[Skin.String(Guide.Custom4.Label)]</label>
                <include>GuideDialogClose</include>
                <onclick condition="!stringcompare(Skin.String(Guide.Custom4.Type),4) + !stringcompare(Skin.String(Guide.Custom4.Type),5) + !stringcompare(Skin.String(Guide.Custom4.Type),6) + !stringcompare(Skin.String(Guide.Custom4.Type),7)">RunAddon($INFO[Skin.String(Guide.Custom4.Path)])</onclick>
                <onclick condition="stringcompare(Skin.String(Guide.Custom4.Type),4)">ActivateWindow(Videos,$INFO[Skin.String(Guide.Custom4.Path)],return)</onclick>
                <onclick condition="stringcompare(Skin.String(Guide.Custom4.Type),5)">ActivateWindow(MusicLibrary,$INFO[Skin.String(Guide.Custom4.Path)],return)</onclick>
                <onclick condition="stringcompare(Skin.String(Guide.Custom4.Type),6) | stringcompare(Skin.String(Guide.Custom4.Type),7)">$INFO[Skin.String(Guide.Custom4.Path)]</onclick>
                <visible>Skin.HasSetting(Guide.Custom4) + !IsEmpty(Skin.String(Guide.Custom4.Path))</visible>
            </item>
        </content>
    </include>
    
    <include name="GuideSettings">
        <posx>643</posx>
        <posy>333</posy>
        <width>743</width>
        <height>469</height>
        <orientation>vertical</orientation>
        <scrolltime tween="cubic" easing="out">500</scrolltime>
        <itemlayout height="67" width="743">
            <control type="image">
                <posx>0</posx>
                <posy>0</posy>
                <width>743</width>
                <height>68</height>
                <texture border="90,3,90,3">views/list/other/separator.png</texture>
            </control>
            <control type="image">
                <posx>670</posx>
                <posy>8</posy>
                <width>50</width>
                <height>50</height>
                <texture>$INFO[ListItem.Icon]</texture>
                <colordiffuse>77FFFFFF</colordiffuse>
            </control>
            <control type="label">
                <posx>26</posx>
                <posy>0</posy>
                <width>698</width>
                <height>66</height>
                <label>$INFO[ListItem.Label]</label>
                <textcolor>77white</textcolor>
                <shadowcolor>22000000</shadowcolor>
                <font>Font-Condensed-S41</font>
                <align>left</align>
            </control>
        </itemlayout>
        <focusedlayout height="67" width="743">
            <control type="button">
                <onfocus>SetProperty(right,1)</onfocus>
            </control>
            <control type="image">
                <posx>0</posx>
                <posy>0</posy>
                <width>743</width>
                <height>68</height>
                <texture border="90,3,90,3">views/list/other/separator.png</texture>
            </control>
            <control type="image">
                <posx>0</posx>
                <posy>0</posy>
                <width>743</width>
                <height>66</height>
                <texture border="150,1,150,1">views/other/focus.png</texture>
                <include>guidelistfocusanim2</include>
            </control>
            <control type="image">
                <posx>670</posx>
                <posy>8</posy>
                <width>50</width>
                <height>50</height>
                <texture>$INFO[ListItem.Icon]</texture>
                <colordiffuse>eewhite</colordiffuse>
                <include>guidelistfocusanim</include>
            </control>
            <control type="label">
                <posx>26</posx>
                <posy>0</posy>
                <width>698</width>
                <height>66</height>
                <label>$INFO[ListItem.Label]</label>
                <textcolor>eewhite</textcolor>
                <shadowcolor>22000000</shadowcolor>
                <font>Font-Condensed-S41</font>
                <align>left</align>
                <include>guidelistfocusanim</include>
            </control>
        </focusedlayout>
        <content>
            <item id="1">
                <label>$LOCALIZE[480]</label>
                <icon>osd/media-guide/settings/appearance.png</icon>
                <include>GuideDialogClose</include>
                <onclick>ActivateWindow(appearancesettings)</onclick>
            </item>
            <item id="2">
                <label>$LOCALIZE[157]</label>
                <icon>osd/media-guide/settings/video.png</icon>
                <include>GuideDialogClose</include>
                <onclick>ActivateWindow(videossettings)</onclick>
            </item>
            <item id="3">
                <label>$LOCALIZE[2]</label>
                <icon>osd/media-guide/settings/music.png</icon>
                <include>GuideDialogClose</include>
                <onclick>ActivateWindow(musicsettings)</onclick>
            </item>
            <item id="4">
                <label>$LOCALIZE[1]</label>
                <icon>osd/media-guide/settings/pictures.png</icon>
                <include>GuideDialogClose</include>
                <onclick>ActivateWindow(picturessettings)</onclick>
            </item>
            <item id="5">
                <label>$LOCALIZE[19020]</label>
                <icon>osd/media-guide/settings/tvshows.png</icon>
                <include>GuideDialogClose</include>
                <onclick>ActivateWindow(pvrsettings)</onclick>
            </item>
            <item id="6">
                <label>$LOCALIZE[8]</label>
                <icon>osd/media-guide/settings/weather.png</icon>
                <include>GuideDialogClose</include>
                <onclick>ActivateWindow(weathersettings)</onclick>
            </item>
            <item id="7">
                <label>$LOCALIZE[14036]</label>
                <icon>osd/media-guide/settings/network.png</icon>
                <include>GuideDialogClose</include>
                <onclick>ActivateWindow(servicesettings)</onclick>
            </item>
            <item id="8">
                <label>$LOCALIZE[13200]</label>
                <icon>osd/media-guide/settings/profiles.png</icon>
                <include>GuideDialogClose</include>
                <onclick>ActivateWindow(profiles)</onclick>
            </item>
            <item id="9">
                <label>$LOCALIZE[24001]</label>
                <icon>osd/media-guide/settings/addons.png</icon>
                <include>GuideDialogClose</include>
                <onclick>ActivateWindow(addonbrowser)</onclick>
            </item>
            <item id="10">
                <label>$LOCALIZE[166]</label>
                <icon>osd/media-guide/settings/skin.png</icon>
                <include>GuideDialogClose</include>
                <onclick>ActivateWindow(skinsettings)</onclick>
            </item>
            <item id="11">
                <label>$LOCALIZE[13000]</label>
                <icon>osd/media-guide/settings/system.png</icon>
                <include>GuideDialogClose</include>
                <onclick>ActivateWindow(systemsettings)</onclick>
            </item>
        </content>
    </include>
    
    <include name="GuideRecentlyAdded">
        <posx>643</posx>
        <posy>333</posy>
        <width>743</width>
        <height>469</height>
        <orientation>vertical</orientation>
        <scrolltime tween="cubic" easing="out">500</scrolltime>
        <onup>9108</onup>
        <ondown>9109</ondown>
        <onleft>9103</onleft>
        <onright>9100</onright>
        <itemlayout height="67" width="743">
            <control type="image">
                <posx>0</posx>
                <posy>0</posy>
                <width>743</width>
                <height>68</height>
                <texture border="90,3,90,3">views/list/other/separator.png</texture>
            </control>
            <control type="label">
                <posx>26</posx>
                <posy>0</posy>
                <width>698</width>
                <height>66</height>
                <label>$INFO[ListItem.Label]</label>
                <textcolor>77white</textcolor>
                <shadowcolor>22000000</shadowcolor>
                <font>Font-Condensed-S38</font>
                <align>left</align>
            </control>
            <control type="group">
                <visible>!ControlGroup(9120).HasFocus(91203) + !ControlGroup(9120).HasFocus(91204)</visible>
                <control type="image">
                    <posx>655</posx>
                    <posy>-20</posy>
                    <width>105</width>
                    <height>105</height>
                    <texture>views/thumb/other/star_nofo.png</texture>
                </control>
                <control type="label">
                    <posx>680</posx>
                    <posy>1</posy>
                    <width>55</width>
                    <height>66</height>
                    <label>$INFO[ListItem.property(rating)]</label>
                    <textcolor>77white</textcolor>
                    <shadowcolor>22000000</shadowcolor>
                    <font>Font-Condensed-S30-B</font>
                    <align>right</align>
                </control>
            </control>
            <control type="label">
                <posx>720</posx>
                <posy>1</posy>
                <width>75</width>
                <height>66</height>
                <label>$INFO[ListItem.property(year)]</label>
                <textcolor>77white</textcolor>
                <shadowcolor>22000000</shadowcolor>
                <font>Font-Condensed-S30-B</font>
                <align>right</align>
                <visible>ControlGroup(9120).HasFocus(91203) | ControlGroup(9120).HasFocus(91204)</visible>
            </control>
        </itemlayout>
        <focusedlayout height="134" width="743">
            <control type="button">
                <onfocus>ClearProperty(center)</onfocus>
            </control>
            <control type="image">
                <posx>0</posx>
                <posy>0</posy>
                <width>743</width>
                <height>135</height>
                <texture border="90,3,90,3">views/list/other/separator.png</texture>
            </control>
            <control type="image">
                <posx>0</posx>
                <posy>0</posy>
                <width>743</width>
                <height>133</height>
                <texture border="150,1,150,1">views/other/focus.png</texture>
                <include>guidelistfocusanim2</include>
                <include>visiblehidefadeinfo</include>
                <visible>!ControlGroup(9108).HasFocus() + !ControlGroup(9109).HasFocus()</visible>
            </control>
            <!-- Latest Movies -->
            <control type="group">
                <visible>!ControlGroup(9120).HasFocus(91202) + !ControlGroup(9120).HasFocus(91203) + !ControlGroup(9120).HasFocus(91204)</visible>
                <include>guidelistfocusanim2</include>
                <animation effect="fade" start="100" end="50" time="300" tween="sine" easing="inout" condition="ControlGroup(9108).HasFocus() | ControlGroup(9109).HasFocus()">Conditional</animation>
                <control type="image">
                    <posx>26</posx>
                    <posy>13</posy>
                    <width>72</width>
                    <height>108</height>
                    <aspectratio>scale</aspectratio>
                    <texture background="true">$INFO[ListItem.Thumb]</texture>
                </control>
                <control type="label">
                    <posx>117</posx>
                    <posy>10</posy>
                    <width>605</width>
                    <height>66</height>
                    <label>[B]$INFO[ListItem.Label][/B]</label>
                    <textcolor>eewhite</textcolor>
                    <font>Font-Condensed-S38</font>
                    <align>left</align>
                </control>
                <control type="label">
                    <posx>118</posx>
                    <posy>57</posy>
                    <width>460</width>
                    <height>66</height>
                    <label>$INFO[ListItem.Label2]</label>
                    <textcolor>eewhite</textcolor>
                    <font>Font-Condensed-S34</font>
                    <align>left</align>
                    <scroll>false</scroll>
                </control>
                <control type="image">
                    <posx>655</posx>
                    <posy>37</posy>
                    <width>105</width>
                    <height>105</height>
                    <texture>views/thumb/other/star_fo.png</texture>
                </control>
                <control type="label">
                    <posx>680</posx>
                    <posy>76</posy>
                    <width>55</width>
                    <height>30</height>
                    <label>$INFO[ListItem.property(rating)]</label>
                    <textcolor>eewhite</textcolor>
                    <font>Font-Condensed-S30-B</font>
                    <align>right</align>
                </control>
            </control>
            <!-- Latest Episodes -->
            <control type="group">
                <visible>ControlGroup(9120).HasFocus(91202)</visible>
                <include>guidelistfocusanim2</include>
                <animation effect="fade" start="100" end="50" time="300" tween="sine" easing="inout" condition="ControlGroup(9108).HasFocus() | ControlGroup(9109).HasFocus()">Conditional</animation>
                <control type="image">
                    <posx>26</posx>
                    <posy>13</posy>
                    <width>192</width>
                    <height>108</height>
                    <aspectratio>stretch</aspectratio>
                    <texture background="true">$INFO[ListItem.Thumb]</texture>
                </control>
                <control type="label">
                    <posx>237</posx>
                    <posy>10</posy>
                    <width>485</width>
                    <height>66</height>
                    <label>[B]$INFO[ListItem.Label][/B]</label>
                    <textcolor>eewhite</textcolor>
                    <font>Font-Condensed-S38</font>
                    <align>left</align>
                </control>                
                <control type="label">
                    <posx>238</posx>
                    <posy>57</posy>
                    <width>340</width>
                    <height>66</height>
                    <label>$INFO[ListItem.Label2]</label>
                    <textcolor>eewhite</textcolor>
                    <font>Font-Condensed-S34</font>
                    <align>left</align>
                    <scroll>false</scroll>
                </control>
                <control type="image">
                    <posx>655</posx>
                    <posy>37</posy>
                    <width>105</width>
                    <height>105</height>
                    <texture>views/thumb/other/star_fo.png</texture>
                </control>
                <control type="label">
                    <posx>680</posx>
                    <posy>76</posy>
                    <width>55</width>
                    <height>30</height>
                    <label>$INFO[ListItem.property(rating)]</label>
                    <textcolor>eewhite</textcolor>
                    <font>Font-Condensed-S30-B</font>
                    <align>right</align>
                </control>
            </control>
            <!-- Latest Albums / Songs -->
            <control type="group">
                <visible>ControlGroup(9120).HasFocus(91203) | ControlGroup(9120).HasFocus(91204)</visible>
                <include>guidelistfocusanim2</include>
                <animation effect="fade" start="100" end="50" time="300" tween="sine" easing="inout" condition="ControlGroup(9108).HasFocus() | ControlGroup(9109).HasFocus()">Conditional</animation>
                <control type="image">
                    <posx>26</posx>
                    <posy>13</posy>
                    <width>108</width>
                    <height>108</height>
                    <aspectratio>stretch</aspectratio>
                    <texture background="true">$INFO[ListItem.Thumb]</texture>
                </control>
                <control type="label">
                    <posx>153</posx>
                    <posy>10</posy>
                    <width>569</width>
                    <height>66</height>
                    <label>[B]$INFO[ListItem.Label][/B]</label>
                    <textcolor>eewhite</textcolor>
                    <font>Font-Condensed-S38</font>
                    <align>left</align>
                </control>
                <control type="label">
                    <posx>154</posx>
                    <posy>57</posy>
                    <width>484</width>
                    <height>66</height>
                    <label>$INFO[ListItem.Label2]</label>
                    <textcolor>eewhite</textcolor>
                    <font>Font-Condensed-S34</font>
                    <align>left</align>
                    <scroll>false</scroll>
                </control>
                <control type="label">
                    <posx>717</posx>
                    <posy>76</posy>
                    <width>100</width>
                    <height>30</height>
                    <label>[B]$INFO[ListItem.property(year)][/B]</label>
                    <textcolor>eewhite</textcolor>
                    <font>Font-Condensed-S30-B</font>
                    <align>right</align>
                </control>
            </control>
        </focusedlayout>
        <content>
            <item id="1">
                <onclick>PreviousMenu</onclick>
                <onclick>PlayMedia($INFO[Window(home).Property(LatestMovie.1.Path)])</onclick>
                <thumb>$INFO[Window(home).property(LatestMovie.1.Thumb)]</thumb>
                <label>$INFO[Window(home).Property(LatestMovie.1.Title)]</label>
                <label2>$INFO[Window(home).Property(LatestMovie.1.Year),, • ]$INFO[Window(home).Property(LatestMovie.1.RunningTime),, $LOCALIZE[12391]]</label2>
                <property name="rating">$INFO[Window(home).Property(LatestMovie.1.Rating)]</property>
                <visible>!IsEmpty(Window(home).Property(LatestMovie.1.Title)) + !ControlGroup(9120).HasFocus(91202) + !ControlGroup(9120).HasFocus(91203) + !ControlGroup(9120).HasFocus(91204)</visible>
            </item>
            <item id="2">
                <onclick>PreviousMenu</onclick>
                <onclick>PlayMedia($INFO[Window(home).Property(LatestMovie.2.Path)])</onclick>
                <thumb>$INFO[Window(home).Property(LatestMovie.2.Thumb)]</thumb>
                <label>$INFO[Window(home).Property(LatestMovie.2.Title)]</label>
                <label2>$INFO[Window(home).Property(LatestMovie.2.Year),, • ]$INFO[Window(home).Property(LatestMovie.2.RunningTime),, $LOCALIZE[12391]]</label2>
                <property name="rating">$INFO[Window(home).Property(LatestMovie.2.Rating)]</property>
                <visible>!IsEmpty(Window(home).Property(LatestMovie.2.Title)) + !ControlGroup(9120).HasFocus(91202) + !ControlGroup(9120).HasFocus(91203) + !ControlGroup(9120).HasFocus(91204)</visible>
            </item>
            <item id="3">
                <onclick>PreviousMenu</onclick>
                <onclick>PlayMedia($INFO[Window(home).Property(LatestMovie.3.Path)])</onclick>
                <thumb>$INFO[Window(home).Property(LatestMovie.3.Thumb)]</thumb>
                <label>$INFO[Window(home).Property(LatestMovie.3.Title)]</label>
                <label2>$INFO[Window(home).Property(LatestMovie.3.Year),, • ]$INFO[Window(home).Property(LatestMovie.3.RunningTime),, $LOCALIZE[12391]]</label2>
                <property name="rating">$INFO[Window(home).Property(LatestMovie.3.Rating)]</property>
                <visible>!IsEmpty(Window(home).Property(LatestMovie.3.Title)) + !ControlGroup(9120).HasFocus(91202) + !ControlGroup(9120).HasFocus(91203) + !ControlGroup(9120).HasFocus(91204)</visible>
            </item>
            <item id="4">
                <onclick>PreviousMenu</onclick>
                <onclick>PlayMedia($INFO[Window(home).Property(LatestMovie.4.Path)])</onclick>
                <thumb>$INFO[Window(home).Property(LatestMovie.4.Thumb)]</thumb>
                <label>$INFO[Window(home).Property(LatestMovie.4.Title)]</label>
                <label2>$INFO[Window(home).Property(LatestMovie.4.Year),, • ]$INFO[Window(home).Property(LatestMovie.4.RunningTime),, $LOCALIZE[12391]]</label2>
                <property name="rating">$INFO[Window(home).Property(LatestMovie.4.Rating)]</property>
                <visible>!IsEmpty(Window(home).Property(LatestMovie.4.Title)) + !ControlGroup(9120).HasFocus(91202) + !ControlGroup(9120).HasFocus(91203) + !ControlGroup(9120).HasFocus(91204)</visible>
            </item>
            <item id="5">
                <onclick>PreviousMenu</onclick>
                <onclick>PlayMedia($INFO[Window(home).Property(LatestMovie.5.Path)])</onclick>
                <thumb>$INFO[Window(home).Property(LatestMovie.5.Thumb)]</thumb>
                <label>$INFO[Window(home).Property(LatestMovie.5.Title)]</label>
                <label2>$INFO[Window(home).Property(LatestMovie.5.Year),, • ]$INFO[Window(home).Property(LatestMovie.5.RunningTime),, $LOCALIZE[12391]]</label2>
                <property name="rating">$INFO[Window(home).Property(LatestMovie.5.Rating)]</property>
                <visible>!IsEmpty(Window(home).Property(LatestMovie.5.Title)) + !ControlGroup(9120).HasFocus(91202) + !ControlGroup(9120).HasFocus(91203) + !ControlGroup(9120).HasFocus(91204)</visible>
            </item>
            <item id="6">
                <onclick>PreviousMenu</onclick>
                <onclick>PlayMedia($INFO[Window(home).Property(LatestMovie.6.Path)])</onclick>
                <thumb>$INFO[Window(home).Property(LatestMovie.6.Thumb)]</thumb>
                <label>$INFO[Window(home).Property(LatestMovie.6.Title)]</label>
                <label2>$INFO[Window(home).Property(LatestMovie.6.Year),, • ]$INFO[Window(home).Property(LatestMovie.6.RunningTime),, $LOCALIZE[12391]]</label2>
                <property name="rating">$INFO[Window(home).Property(LatestMovie.6.Rating)]</property>
                <visible>!IsEmpty(Window(home).Property(LatestMovie.6.Title)) + !ControlGroup(9120).HasFocus(91202) + !ControlGroup(9120).HasFocus(91203) + !ControlGroup(9120).HasFocus(91204)</visible>
            </item>
            <item id="7">
                <onclick>PreviousMenu</onclick>
                <onclick>PlayMedia($INFO[Window(home).Property(LatestEpisode.1.Path)])</onclick>
                <thumb>$INFO[Window(home).Property(LatestEpisode.1.Thumb)]</thumb>
                <label>$INFO[Window(home).Property(LatestEpisode.1.EpisodeSeason),,x]$INFO[Window(home).Property(LatestEpisode.1.EpisodeNumber)] $INFO[Window(home).Property(LatestEpisode.1.EpisodeTitle)]</label>
                <label2>$INFO[Window(home).Property(LatestEpisode.1.ShowTitle)]</label2>
                <property name="rating">$INFO[Window(home).Property(LatestEpisode.1.Rating)]</property>
                <visible>!IsEmpty(Window(home).Property(LatestEpisode.1.ShowTitle)) + ControlGroup(9120).HasFocus(91202)</visible>
            </item>
            <item id="8">
                <onclick>PreviousMenu</onclick>
                <onclick>PlayMedia($INFO[Window(home).Property(LatestEpisode.2.Path)])</onclick>
                <thumb>$INFO[Window(home).Property(LatestEpisode.2.Thumb)]</thumb>
                <label>$INFO[Window(home).Property(LatestEpisode.2.EpisodeSeason),,x]$INFO[Window(home).Property(LatestEpisode.2.EpisodeNumber)] $INFO[Window(home).Property(LatestEpisode.2.EpisodeTitle)]</label>
                <label2>$INFO[Window(home).Property(LatestEpisode.2.ShowTitle)]</label2>
                <property name="rating">$INFO[Window(home).Property(LatestEpisode.2.Rating)]</property>
                <visible>!IsEmpty(Window(home).Property(LatestEpisode.2.ShowTitle)) + ControlGroup(9120).HasFocus(91202)</visible>
            </item>
            <item id="9">
                <onclick>PreviousMenu</onclick>
                <onclick>PlayMedia($INFO[Window(home).Property(LatestEpisode.3.Path)])</onclick>
                <thumb>$INFO[Window(home).Property(LatestEpisode.3.Thumb)]</thumb>
                <label>$INFO[Window(home).Property(LatestEpisode.3.EpisodeSeason),,x]$INFO[Window(home).Property(LatestEpisode.3.EpisodeNumber)] $INFO[Window(home).Property(LatestEpisode.3.EpisodeTitle)]</label>
                <label2>$INFO[Window(home).Property(LatestEpisode.3.ShowTitle)]</label2>
                <property name="rating">$INFO[Window(home).Property(LatestEpisode.3.Rating)]</property>
                <visible>!IsEmpty(Window(home).Property(LatestEpisode.3.ShowTitle)) + ControlGroup(9120).HasFocus(91202)</visible>
            </item>
            <item id="10">
                <onclick>PreviousMenu</onclick>
                <onclick>PlayMedia($INFO[Window(home).Property(LatestEpisode.4.Path)])</onclick>
                <thumb>$INFO[Window(home).Property(LatestEpisode.4.Thumb)]</thumb>
                <label>$INFO[Window(home).Property(LatestEpisode.4.EpisodeSeason),,x]$INFO[Window(home).Property(LatestEpisode.4.EpisodeNumber)] $INFO[Window(home).Property(LatestEpisode.4.EpisodeTitle)]</label>
                <label2>$INFO[Window(home).Property(LatestEpisode.4.ShowTitle)]</label2>
                <property name="rating">$INFO[Window(home).Property(LatestEpisode.4.Rating)]</property>
                <visible>!IsEmpty(Window(home).Property(LatestEpisode.4.ShowTitle)) + ControlGroup(9120).HasFocus(91202)</visible>
            </item>
            <item id="11">
                <onclick>PreviousMenu</onclick>
                <onclick>PlayMedia($INFO[Window(home).Property(LatestEpisode.5.Path)])</onclick>
                <thumb>$INFO[Window(home).Property(LatestEpisode.5.Thumb)]</thumb>
                <label>$INFO[Window(home).Property(LatestEpisode.5.EpisodeSeason),,x]$INFO[Window(home).Property(LatestEpisode.5.EpisodeNumber)] $INFO[Window(home).Property(LatestEpisode.5.EpisodeTitle)]</label>
                <label2>$INFO[Window(home).Property(LatestEpisode.5.ShowTitle)]</label2>
                <property name="rating">$INFO[Window(home).Property(LatestEpisode.5.Rating)]</property>
                <visible>!IsEmpty(Window(home).Property(LatestEpisode.5.ShowTitle)) + ControlGroup(9120).HasFocus(91202)</visible>
            </item>
            <item id="12">
                <onclick>PreviousMenu</onclick>
                <onclick>PlayMedia($INFO[Window(home).Property(LatestEpisode.6.Path)])</onclick>
                <thumb>$INFO[Window(home).Property(LatestEpisode.6.Thumb)]</thumb>
                <label>$INFO[Window(home).Property(LatestEpisode.6.EpisodeSeason),,x]$INFO[Window(home).Property(LatestEpisode.6.EpisodeNumber)] $INFO[Window(home).Property(LatestEpisode.6.EpisodeTitle)]</label>
                <label2>$INFO[Window(home).Property(LatestEpisode.6.ShowTitle)]</label2>
                <property name="rating">$INFO[Window(home).Property(LatestEpisode.6.Rating)]</property>
                <visible>!IsEmpty(Window(home).Property(LatestEpisode.6.ShowTitle)) + ControlGroup(9120).HasFocus(91202)</visible>
            </item>
            <item id="13">
                <onclick>PlayList.Clear</onclick>
                <onclick>PlayMedia($INFO[Window(home).Property(LatestAlbum.1.Path)])</onclick>
                <thumb>$INFO[Window(home).Property(LatestAlbum.1.Thumb)]</thumb>
                <label>$INFO[Window(home).Property(LatestAlbum.1.Title)]</label>
                <label2>$INFO[Window(home).Property(LatestAlbum.1.Artist)]</label2>
                <property name="year">$INFO[Window(home).Property(LatestAlbum.1.Year)]</property>
                <visible>!IsEmpty(Window(home).Property(LatestAlbum.1.Title)) + ControlGroup(9120).HasFocus(91203)</visible>
            </item>
            <item id="14">
                <onclick>PlayList.Clear</onclick>
                <onclick>PlayMedia($INFO[Window(home).Property(LatestAlbum.2.Path)])</onclick>
                <thumb>$INFO[Window(home).Property(LatestAlbum.2.Thumb)]</thumb>
                <label>$INFO[Window(home).Property(LatestAlbum.2.Title)]</label>
                <label2>$INFO[Window(home).Property(LatestAlbum.2.Artist)]</label2>
                <property name="year">$INFO[Window(home).Property(LatestAlbum.2.Year)]</property>
                <visible>!IsEmpty(Window(home).Property(LatestAlbum.2.Title)) + ControlGroup(9120).HasFocus(91203)</visible>
            </item>
            <item id="15">
                <onclick>PlayList.Clear</onclick>
                <onclick>PlayMedia($INFO[Window(home).Property(LatestAlbum.3.Path)])</onclick>
                <thumb>$INFO[Window(home).Property(LatestAlbum.3.Thumb)]</thumb>
                <label>$INFO[Window(home).Property(LatestAlbum.3.Title)]</label>
                <label2>$INFO[Window(home).Property(LatestAlbum.3.Artist)]</label2>
                <property name="year">$INFO[Window(home).Property(LatestAlbum.3.Year)]</property>
                <visible>!IsEmpty(Window(home).Property(LatestAlbum.3.Title)) + ControlGroup(9120).HasFocus(91203)</visible>
            </item>
            <item id="16">
                <onclick>PlayList.Clear</onclick>
                <onclick>PlayMedia($INFO[Window(home).Property(LatestAlbum.4.Path)])</onclick>
                <thumb>$INFO[Window(home).Property(LatestAlbum.4.Thumb)]</thumb>
                <label>$INFO[Window(home).Property(LatestAlbum.4.Title)]</label>
                <label2>$INFO[Window(home).Property(LatestAlbum.4.Artist)]</label2>
                <property name="year">$INFO[Window(home).Property(LatestAlbum.4.Year)]</property>
                <visible>!IsEmpty(Window(home).Property(LatestAlbum.4.Title)) + ControlGroup(9120).HasFocus(91203)</visible>
            </item>
            <item id="17">
                <onclick>PlayList.Clear</onclick>
                <onclick>PlayMedia($INFO[Window(home).Property(LatestAlbum.5.Path)])</onclick>
                <thumb>$INFO[Window(home).Property(LatestAlbum.5.Thumb)]</thumb>
                <label>$INFO[Window(home).Property(LatestAlbum.5.Title)]</label>
                <label2>$INFO[Window(home).Property(LatestAlbum.5.Artist)]</label2>
                <property name="year">$INFO[Window(home).Property(LatestAlbum.5.Year)]</property>
                <visible>!IsEmpty(Window(home).Property(LatestAlbum.5.Title)) + ControlGroup(9120).HasFocus(91203)</visible>
            </item>
            <item id="18">
                <onclick>PlayList.Clear</onclick>
                <onclick>PlayMedia($INFO[Window(home).Property(LatestAlbum.6.Path)])</onclick>
                <thumb>$INFO[Window(home).Property(LatestAlbum.6.Thumb)]</thumb>
                <label>$INFO[Window(home).Property(LatestAlbum.6.Title)]</label>
                <label2>$INFO[Window(home).Property(LatestAlbum.6.Artist)]</label2>
                <property name="year">$INFO[Window(home).Property(LatestAlbum.6.Year)]</property>
                <visible>!IsEmpty(Window(home).Property(LatestAlbum.6.Title)) + ControlGroup(9120).HasFocus(91203)</visible>
            </item>
            <item id="19">
                <onclick>PlayMedia($INFO[Window(home).Property(LatestSong.1.Path)])</onclick>
                <thumb>$INFO[Window(home).Property(LatestSong.1.Thumb)]</thumb>
                <label>$INFO[Window(home).Property(LatestSong.1.Title)]</label>
                <label2>$INFO[Window(home).Property(LatestSong.1.Artist)]</label2>
                <property name="year">$INFO[Window(home).Property(LatestSong.1.Year)]</property>
                <visible>!IsEmpty(Window(home).Property(LatestSong.1.Title)) + ControlGroup(9120).HasFocus(91204)</visible>
            </item>
            <item id="20">
                <onclick>PlayMedia($INFO[Window(home).Property(LatestSong.2.Path)])</onclick>
                <thumb>$INFO[Window(home).Property(LatestSong.2.Thumb)]</thumb>
                <label>$INFO[Window(home).Property(LatestSong.2.Title)]</label>
                <label2>$INFO[Window(home).Property(LatestSong.2.Artist)]</label2>
                <property name="year">$INFO[Window(home).Property(LatestSong.2.Year)]</property>
                <visible>!IsEmpty(Window(home).Property(LatestSong.2.Title)) + ControlGroup(9120).HasFocus(91204)</visible>
            </item>
            <item id="21">
                <onclick>PlayMedia($INFO[Window(home).Property(LatestSong.3.Path)])</onclick>
                <thumb>$INFO[Window(home).Property(LatestSong.3.Thumb)]</thumb>
                <label>$INFO[Window(home).Property(LatestSong.3.Title)]</label>
                <label2>$INFO[Window(home).Property(LatestSong.3.Artist)]</label2>
                <property name="year">$INFO[Window(home).Property(LatestSong.3.Year)]</property>
                <visible>!IsEmpty(Window(home).Property(LatestSong.3.Title)) + ControlGroup(9120).HasFocus(91204)</visible>
            </item>
            <item id="22">
                <onclick>PlayMedia($INFO[Window(home).Property(LatestSong.4.Path)])</onclick>
                <thumb>$INFO[Window(home).Property(LatestSong.4.Thumb)]</thumb>
                <label>$INFO[Window(home).Property(LatestSong.4.Title)]</label>
                <label2>$INFO[Window(home).Property(LatestSong.4.Artist)]</label2>
                <property name="year">$INFO[Window(home).Property(LatestSong.4.Year)]</property>
                <visible>!IsEmpty(Window(home).Property(LatestSong.4.Title)) + ControlGroup(9120).HasFocus(91204)</visible>
            </item>
            <item id="23">
                <onclick>PlayMedia($INFO[Window(home).Property(LatestSong.5.Path)])</onclick>
                <thumb>$INFO[Window(home).Property(LatestSong.5.Thumb)]</thumb>
                <label>$INFO[Window(home).Property(LatestSong.5.Title)]</label>
                <label2>$INFO[Window(home).Property(LatestSong.5.Artist)]</label2>
                <property name="year">$INFO[Window(home).Property(LatestSong.5.Year)]</property>
                <visible>!IsEmpty(Window(home).Property(LatestSong.5.Title)) + ControlGroup(9120).HasFocus(91204)</visible>
            </item>
            <item id="24">
                <onclick>PlayMedia($INFO[Window(home).Property(LatestSong.6.Path)])</onclick>
                <thumb>$INFO[Window(home).Property(LatestSong.6.Thumb)]</thumb>
                <label>$INFO[Window(home).Property(LatestSong.6.Title)]</label>
                <label2>$INFO[Window(home).Property(LatestSong.6.Artist)]</label2>
                <property name="year">$INFO[Window(home).Property(LatestSong.6.Year)]</property>
                <visible>!IsEmpty(Window(home).Property(LatestSong.6.Title)) + ControlGroup(9120).HasFocus(91204)</visible>
            </item>
        </content>
    </include>
    
    <include name="GuideSystemInfo">
        <control type="list">
            <posx>643</posx>
            <posy>333</posy>
            <width>743</width>
            <height>469</height>
            <orientation>vertical</orientation>
            <scrolltime>0</scrolltime>
            <itemlayout height="67" width="750">
                <control type="image">
                    <posx>0</posx>
                    <posy>0</posy>
                    <width>743</width>
                    <height>68</height>
                    <texture border="90,3,90,3">views/list/other/separator.png</texture>
                </control>
                <control type="label">
                    <posx>26</posx>
                    <posy>0</posy>
                    <width>691</width>
                    <height>66</height>
                    <label>$INFO[ListItem.Label]</label>
                    <textcolor>77white</textcolor>
                    <shadowcolor>22000000</shadowcolor>
                    <font>Font-Condensed-S38</font>
                    <align>left</align>
                    <scroll>false</scroll>
                </control>
                <control type="label">
                    <posx>717</posx>
                    <posy>0</posy>
                    <width>691</width>
                    <height>66</height>
                    <label>$INFO[ListItem.Label2]</label>
                    <textcolor>77white</textcolor>
                    <shadowcolor>22000000</shadowcolor>
                    <font>Font-Condensed-S34-B</font>
                    <align>right</align>
                    <scroll>false</scroll>
                </control>
            </itemlayout>
            <focusedlayout height="67" width="750">
                <control type="image">
                    <posx>0</posx>
                    <posy>0</posy>
                    <width>743</width>
                    <height>68</height>
                    <texture border="90,3,90,3">views/list/other/separator.png</texture>
                </control>
                <control type="label">
                    <posx>26</posx>
                    <posy>0</posy>
                    <width>691</width>
                    <height>66</height>
                    <label>$INFO[ListItem.Label]</label>
                    <textcolor>77white</textcolor>
                    <shadowcolor>22000000</shadowcolor>
                    <font>Font-Condensed-S38</font>
                    <align>left</align>
                    <scroll>false</scroll>
                </control>
                <control type="label">
                    <posx>717</posx>
                    <posy>0</posy>
                    <width>691</width>
                    <height>66</height>
                    <label>$INFO[ListItem.Label2]</label>
                    <textcolor>77white</textcolor>
                    <shadowcolor>22000000</shadowcolor>
                    <font>Font-Condensed-S34-B</font>
                    <align>right</align>
                    <scroll>false</scroll>
                </control>
            </focusedlayout>
            <content>
                <item id="0">
                    <label>$LOCALIZE[41453]</label>
                    <label2>$INFO[System.ProfileName]</label2>
                    <onclick>noop</onclick>
                </item>
                <item id="1">
                    <label>$LOCALIZE[41454]</label>
                    <label2>$INFO[Network.IPAddress]</label2>
                    <onclick>noop</onclick>
                </item>
                <item id="2">
                    <label>$LOCALIZE[41455]</label>
                    <label2>$INFO[System.FreeMemory]</label2>
                    <onclick>noop</onclick>
                </item>
                <item id="3">
                    <label>$LOCALIZE[41456]</label>
                    <label2>$INFO[System.ScreenWidth,,x]$INFO[System.ScreenHeight,, @ ]$INFO[System.FPS,, FPS]</label2>
                    <onclick>noop</onclick>
                </item>
                <item id="4">
                    <label>$LOCALIZE[41457]</label>
                    <label2>$INFO[System.Uptime]</label2>
                    <onclick>noop</onclick>
                </item>
                <item id="5">
                    <label>$LOCALIZE[41458]</label>
                    <label2>2.1.1</label2>
                    <onclick>noop</onclick>
                </item>
                <item id="6">
                    <label>$LOCALIZE[41459]</label>
                    <label2>$INFO[System.BuildVersion]</label2>
                    <onclick>noop</onclick>
                </item>
            </content>
        </control>
    </include>
    
    <include name="GuideUpNext">
        <posx>643</posx>
        <posy>333</posy>
        <width>743</width>
        <height>469</height>
        <orientation>vertical</orientation>
        <scrolltime tween="cubic" easing="out">500</scrolltime>
        <onup>9105</onup>
        <ondown>9110</ondown>
        <onleft>9100</onleft>
        <onright>9106</onright>
        <itemlayout height="67" width="743">
            <control type="image">
                <posx>0</posx>
                <posy>0</posy>
                <width>743</width>
                <height>68</height>
                <texture border="90,3,90,3">views/list/other/separator.png</texture>
            </control>
            <control type="image">
                <posx>15</posx>
                <posy>8</posy>
                <width>50</width>
                <height>50</height>
                <texture>$INFO[ListItem.ActualIcon]</texture>
                <colordiffuse>77FFFFFF</colordiffuse>
            </control>
            <control type="label">
                <posx>70</posx>
                <posy>0</posy>
                <width>654</width>
                <height>66</height>
                <label>$INFO[ListItem.Label]</label>
                <textcolor>77white</textcolor>
                <shadowcolor>22000000</shadowcolor>
                <font>Font-Condensed-S34</font>
                <align>left</align>
                <scroll>false</scroll>
            </control>
            <control type="label">
                <posx>717</posx>
                <posy>0</posy>
                <width>654</width>
                <height>66</height>
                <label>$INFO[ListItem.Property(Duration)]</label>
                <textcolor>77white</textcolor>
                <shadowcolor>22000000</shadowcolor>
                <font>Font-Condensed-S30-B</font>
                <align>right</align>
                <scroll>false</scroll>
            </control>
        </itemlayout>
        <focusedlayout height="134" width="743">
            <control type="button">
                <onfocus>SetProperty(center,1)</onfocus>
            </control>
            <control type="image">
                <posx>0</posx>
                <posy>0</posy>
                <width>743</width>
                <height>135</height>
                <texture border="90,3,90,3">views/list/other/separator.png</texture>
            </control>
            <control type="image">
                <posx>0</posx>
                <posy>0</posy>
                <width>743</width>
                <height>133</height>
                <texture border="150,1,150,1">views/other/focus.png</texture>
                <include>guidelistfocusanim2</include>
                <include>visiblehidefadeinfo</include>
                <visible>!Control.HasFocus(9110)</visible>
            </control>
            <control type="group">
                <include>guidelistfocusanim2</include>
                <animation effect="fade" start="100" end="50" time="300" tween="sine" easing="inout" condition="Control.HasFocus(9110)">Conditional</animation>
                <control type="image">
                    <posx>26</posx>
                    <posy>13</posy>
                    <width>108</width>
                    <height>108</height>
                    <aspectratio>stretch</aspectratio>
                    <texture background="true">$INFO[ListItem.Thumb]</texture>
                </control>
                <control type="label">
                    <posx>153</posx>
                    <posy>10</posy>
                    <width>569</width>
                    <height>66</height>
                    <label>[B]$INFO[ListItem.Label][/B]</label>
                    <textcolor>eewhite</textcolor>
                    <font>Font-Condensed-S38</font>
                    <align>left</align>
                </control>
                <control type="label">
                    <posx>154</posx>
                    <posy>57</posy>
                    <width>484</width>
                    <height>66</height>
                    <label>$INFO[ListItem.Label2]</label>
                    <textcolor>eewhite</textcolor>
                    <font>Font-Condensed-S34</font>
                    <align>left</align>
                    <scroll>false</scroll>
                </control>
                <control type="label">
                    <posx>717</posx>
                    <posy>76</posy>
                    <width>100</width>
                    <height>30</height>
                    <label>$INFO[ListItem.Property(Duration)]</label>
                    <textcolor>eewhite</textcolor>
                    <font>Font-Condensed-S30-B</font>
                    <align>right</align>
                </control>
            </control>
        </focusedlayout>
        <content>
            <item id="1">
                <onclick>Playlist.PlayOffset(-5)</onclick>
                <label>$INFO[MusicPlayer.Offset(-5).PlaylistPosition,, ]$INFO[MusicPlayer.Offset(-5).Title]</label>
                <label2>$INFO[MusicPlayer.Offset(-5).Artist]</label2>
                <property name="Duration">$INFO[MusicPlayer.Offset(-5).Duration]</property>
                <thumb>$INFO[MusicPlayer.Offset(-5).Cover]</thumb>
                <icon>osd/media-guide/upnext/prev.png</icon>
                <visible>MusicPlayer.Offset(-5).Exists</visible>
            </item>
            <item id="2">
                <onclick>Playlist.PlayOffset(-4)</onclick>
                <label>$INFO[MusicPlayer.Offset(-4).PlaylistPosition,, ]$INFO[MusicPlayer.Offset(-4).Title]</label>
                <label2>$INFO[MusicPlayer.Offset(-4).Artist]</label2>
                <property name="Duration">$INFO[MusicPlayer.Offset(-4).Duration]</property>
                <thumb>$INFO[MusicPlayer.Offset(-4).Cover]</thumb>
                <icon>osd/media-guide/upnext/prev.png</icon>
                <visible>MusicPlayer.Offset(-4).Exists</visible>
            </item>
            <item id="3">
                <onclick>Playlist.PlayOffset(-3)</onclick>
                <label>$INFO[MusicPlayer.Offset(-3).PlaylistPosition,, ]$INFO[MusicPlayer.Offset(-3).Title]</label>
                <label2>$INFO[MusicPlayer.Offset(-3).Artist]</label2>
                <property name="Duration">$INFO[MusicPlayer.Offset(-3).Duration]</property>
                <thumb>$INFO[MusicPlayer.Offset(-3).Cover]</thumb>
                <icon>osd/media-guide/upnext/prev.png</icon>
                <visible>MusicPlayer.Offset(-3).Exists</visible>
            </item>
            <item id="4">
                <onclick>Playlist.PlayOffset(-2)</onclick>
                <label>$INFO[MusicPlayer.Offset(-2).PlaylistPosition,, ]$INFO[MusicPlayer.Offset(-2).Title]</label>
                <label2>$INFO[MusicPlayer.Offset(-2).Artist]</label2>
                <property name="Duration">$INFO[MusicPlayer.Offset(-2).Duration]</property>
                <thumb>$INFO[MusicPlayer.Offset(-2).Cover]</thumb>
                <icon>osd/media-guide/upnext/prev.png</icon>
                <visible>MusicPlayer.Offset(-2).Exists</visible>
            </item>
            <item id="5">
                <onclick>Playlist.PlayOffset(-1)</onclick>
                <label>$INFO[MusicPlayer.Offset(-1).PlaylistPosition,, ]$INFO[MusicPlayer.Offset(-1).Title]</label>
                <label2>$INFO[MusicPlayer.Offset(-1).Artist]</label2>
                <property name="Duration">$INFO[MusicPlayer.Offset(-1).Duration]</property>
                <thumb>$INFO[MusicPlayer.Offset(-1).Cover]</thumb>
                <icon>osd/media-guide/upnext/prev.png</icon>
                <visible>MusicPlayer.Offset(-1).Exists</visible>
            </item>
            <item id="6">
                <onclick>Playlist.PlayOffset(0)</onclick>
                <label>$INFO[MusicPlayer.PlaylistPosition,, ]$INFO[MusicPlayer.Title]</label>
                <label2>$INFO[MusicPlayer.Artist]</label2>
                <property name="Duration">$INFO[MusicPlayer.Duration]</property>
                <thumb>$INFO[MusicPlayer.Cover]</thumb>
                <icon>osd/media-guide/upnext/now.png</icon>
            </item>
            <item id="7">
                <onclick>Playlist.PlayOffset(1)</onclick>
                <label>$INFO[MusicPlayer.Offset(1).PlaylistPosition,, ]$INFO[MusicPlayer.Offset(1).Title]</label>
                <label2>$INFO[MusicPlayer.Offset(1).Artist]</label2>
                <property name="Duration">$INFO[MusicPlayer.Offset(1).Duration]</property>
                <thumb>$INFO[MusicPlayer.Offset(1).Cover]</thumb>
                <icon>osd/media-guide/upnext/next.png</icon>
                <visible>MusicPlayer.Offset(1).Exists</visible>
            </item>
            <item id="8">
                <onclick>Playlist.PlayOffset(2)</onclick>
                <label>$INFO[MusicPlayer.Offset(2).PlaylistPosition,, ]$INFO[MusicPlayer.Offset(2).Title]</label>
                <label2>$INFO[MusicPlayer.Offset(2).Artist]</label2>
                <property name="Duration">$INFO[MusicPlayer.Offset(2).Duration]</property>
                <thumb>$INFO[MusicPlayer.Offset(2).Cover]</thumb>
                <icon>osd/media-guide/upnext/next.png</icon>
                <visible>MusicPlayer.Offset(2).Exists</visible>
            </item>
            <item id="9">
                <onclick>Playlist.PlayOffset(3)</onclick>
                <label>$INFO[MusicPlayer.Offset(3).PlaylistPosition,, ]$INFO[MusicPlayer.Offset(3).Title]</label>
                <label2>$INFO[MusicPlayer.Offset(3).Artist]</label2>
                <property name="Duration">$INFO[MusicPlayer.Offset(3).Duration]</property>
                <thumb>$INFO[MusicPlayer.Offset(3).Cover]</thumb>
                <icon>osd/media-guide/upnext/next.png</icon>
                <visible>MusicPlayer.Offset(3).Exists</visible>
            </item>
            <item id="10">
                <onclick>Playlist.PlayOffset(4)</onclick>
                <label>$INFO[MusicPlayer.Offset(4).PlaylistPosition,, ]$INFO[MusicPlayer.Offset(4).Title]</label>
                <label2>$INFO[MusicPlayer.Offset(4).Artist]</label2>
                <property name="Duration">$INFO[MusicPlayer.Offset(4).Duration]</property>
                <thumb>$INFO[MusicPlayer.Offset(4).Cover]</thumb>
                <icon>osd/media-guide/upnext/next.png</icon>
                <visible>MusicPlayer.Offset(4).Exists</visible>
            </item>
            <item id="11">
                <onclick>Playlist.PlayOffset(5)</onclick>
                <label>$INFO[MusicPlayer.Offset(5).PlaylistPosition,, ]$INFO[MusicPlayer.Offset(5).Title]</label>
                <label2>$INFO[MusicPlayer.Offset(5).Artist]</label2>
                <property name="Duration">$INFO[MusicPlayer.Offset(5).Duration]</property>
                <thumb>$INFO[MusicPlayer.Offset(5).Cover]</thumb>
                <icon>osd/media-guide/upnext/next.png</icon>
                <visible>MusicPlayer.Offset(5).Exists</visible>
            </item>
        </content>
    </include>
    
    <include name="GuideNowPlaying">
        <control type="group">
            <animation effect="fade" start="0" end="100" time="250" tween="sine" easing="inout">Visible</animation>
            <animation effect="fade" start="100" end="0" time="250" tween="sine" easing="inout">Hidden</animation>
            <visible>!Player.HasMedia</visible>
            <control type="image">
                <posx>58</posx>
                <posy>-5</posy>
                <width>633</width>
                <height>437</height>
                <texture>osd/media-guide/no-movies-music.png</texture>
                <colordiffuse>44FFFFFF</colordiffuse>
            </control>
            <control type="label">
                <posx>0</posx>
                <posy>340</posy>
                <width>750</width>
                <height>60</height>
                <label>$LOCALIZE[41452]</label>
                <textcolor>44FFFFFF</textcolor>
                <font>Font-Condensed-S42</font>
                <align>center</align>
            </control>
        </control>
        <control type="group">
            <animation effect="fade" start="0" end="100" time="250" tween="sine" easing="inout">Visible</animation>
            <animation effect="fade" start="100" end="0" time="250" tween="sine" easing="inout">Hidden</animation>
            <visible>Player.HasVideo</visible>
            <control type="image">
                <posx>6</posx>
                <posy>9</posy>
                <width>743</width>
                <height>468</height>
                <aspectratio>stretch</aspectratio>
                <texture border="1">windows/common/black.png</texture>
                <colordiffuse>BCFFFFFF</colordiffuse>
            </control>
            <control type="videowindow">
                <description>video</description>
                <posx>6</posx>
                <posy>9</posy>
                <width>743</width>
                <height>468</height>
                <aspectratio>scale</aspectratio>
            </control>
        </control>
    </include>
    
    <variable name="NowPlayingControlsButton">
        <value condition="!Control.HasFocus(9110)">$INFO[ListItem.Label,osd/media-guide/buttons/,-nf.png]</value>
        <value>$INFO[ListItem.Label,osd/media-guide/buttons/,-fo.png]</value>
    </variable>
    
    <include name="NowPlayingControls">
        <posx>1024</posx>        
        <posy>726</posy>
        <width>400</width>
        <height>100</height>
        <orientation>horizontal</orientation>
        <focusposition>3</focusposition>
        <itemlayout height="100" width="50">
            <control type="image">
                <posx>-25</posx>
                <posy>0</posy>
                <width>100</width>
                <height>100</height>
                <texture>$INFO[ListItem.Label,osd/media-guide/buttons/,-nf.png]</texture>
            </control>
        </itemlayout>
        <focusedlayout height="100" width="50">
            <control type="image">
                <posx>-25</posx>
                <posy>0</posy>
                <width>100</width>
                <height>100</height>
                <texture>$VAR[NowPlayingControlsButton]</texture>
            </control>
        </focusedlayout>
        <content>
            <item id="1">
                <label>previous</label>
                <onclick>PlayerControl(Previous)</onclick>
            </item>
            <item id="2">
                <label>rewind</label>
                <onclick>PlayerControl(Rewind)</onclick>
            </item>
            <item id="3">
                <label>stop</label>
                <onclick>PlayerControl(Stop)</onclick>
                <onclick>SetFocus(9105)</onclick>
            </item>
            <item id="4">
                <label>play</label>
                <onclick>PlayerControl(Play)</onclick>
                <visible>Player.Paused</visible>
            </item>
            <item id="5">
                <label>pause</label>
                <onclick>PlayerControl(Play)</onclick>
                <visible>!Player.Paused</visible>
            </item>
            <item id="6">
                <label>forward</label>
                <onclick>PlayerControl(Forward)</onclick>
            </item>
            <item id="7">
                <label>next</label>
                <onclick>PlayerControl(Next)</onclick>
            </item>
            <item id="8">
                <label>playlist</label>
                <include>GuideDialogClose</include>
                <onclick condition="Player.HasVideo">ActivateWindow(videoplaylist)</onclick>
                <onclick condition="Player.HasAudio">ActivateWindow(musicplaylist)</onclick>
            </item>
        </content>
    </include>
    
    <include name="GuideBladeLeft">
        <control type="image">
            <posx>439</posx>
            <posy>253</posy>
            <width>120</width>
            <height>574</height>
            <texture>osd/media-guide/blade.png</texture>
            <aspectratio>stretch</aspectratio>
        </control>
    </include>
    
    <include name="GuideBladeRight">
        <control type="image">
            <posx>1361</posx>
            <posy>253</posy>
            <width>120</width>
            <height>574</height>
            <texture flipx="true">osd/media-guide/blade.png</texture>
            <aspectratio>stretch</aspectratio>
        </control>
    </include>
    
    <include name="GuideInterface">
        <include>MediaGuideAnimations</include>
    
        <!-- Left Side Blades -->
        <control type="group">
            <width>120</width>
            <height>574</height>
            <include>LeftBlade</include>
            <include>GuideBladeLeft</include>
            <control type="label">
                <posx>343</posx>
                <posy>513</posy>
                <width>325</width>
                <height>50</height>
                <label>$LOCALIZE[41440]</label>
                <textcolor>midgrey</textcolor>
                <font>Font-Condensed-S36</font>
                <align>center</align>
                <animation effect="rotate" start="0" end="-90" center="auto" time="0">WindowOpen</animation>
                <animation effect="rotate" start="0" end="-90" center="auto" time="0">WindowClose</animation>
            </control>
        </control>
            
        <control type="group">
            <width>120</width>
            <height>574</height>
            <include>LeftBlade2</include>
            <include>GuideBladeLeft</include>
            <control type="label">
                <posx>343</posx>
                <posy>513</posy>
                <width>325</width>
                <height>50</height>
                <label>$LOCALIZE[41920]</label>
                <textcolor>midgrey</textcolor>
                <font>Font-Condensed-S36</font>
                <align>center</align>
                <animation effect="rotate" start="0" end="-90" center="auto" time="0">WindowOpen</animation>
                <animation effect="rotate" start="0" end="-90" center="auto" time="0">WindowClose</animation>
            </control>
        </control>
        
        <control type="group">
            <width>120</width>
            <height>574</height>
            <include>LeftBlade3</include>
            <include>GuideBladeLeft</include>
            <control type="label">
                <posx>343</posx>
                <posy>513</posy>
                <width>325</width>
                <height>50</height>
                <label>$LOCALIZE[41441]</label>
                <textcolor>midgrey</textcolor>
                <font>Font-Condensed-S36</font>
                <align>center</align>
                <animation effect="rotate" start="0" end="-90" center="auto" time="0">WindowOpen</animation>
                <animation effect="rotate" start="0" end="-90" center="auto" time="0">WindowClose</animation>
            </control>
        </control>
        
        <control type="group">
            <width>120</width>
            <height>574</height>
            <include>LeftBlade4</include>
            <include>GuideBladeLeft</include>
            <control type="label">
                <posx>343</posx>
                <posy>513</posy>
                <width>325</width>
                <height>50</height>
                <label>$LOCALIZE[41443]</label>
                <textcolor>midgrey</textcolor>
                <font>Font-Condensed-S36</font>
                <align>center</align>
                <animation effect="rotate" start="0" end="-90" center="auto" time="0">WindowOpen</animation>
                <animation effect="rotate" start="0" end="-90" center="auto" time="0">WindowClose</animation>
            </control>
        </control>
    
        <!-- Right Side Blades -->
        <control type="group">
            <width>120</width>
            <height>574</height>
            <include>RightBlade</include>
            <include>GuideBladeRight</include>
            <control type="label">
                <posx>1257</posx>
                <posy>513</posy>
                <width>325</width>
                <height>50</height>
                <label>$LOCALIZE[41444]</label>
                <textcolor>midgrey</textcolor>
                <font>Font-Condensed-S36</font>
                <align>center</align>
                <animation effect="rotate" start="0" end="-90" center="auto" time="0">WindowOpen</animation>
                <animation effect="rotate" start="0" end="-90" center="auto" time="0">WindowClose</animation>
            </control>
        </control>
        
        <control type="group">
            <width>120</width>
            <height>574</height>
            <include>RightBlade2</include>
            <include>GuideBladeRight</include>
            <control type="label">
                <posx>1257</posx>
                <posy>513</posy>
                <width>325</width>
                <height>50</height>
                <label>$LOCALIZE[41443]</label>
                <textcolor>midgrey</textcolor>
                <font>Font-Condensed-S36</font>
                <align>center</align>
                <animation effect="rotate" start="0" end="-90" center="auto" time="0">WindowOpen</animation>
                <animation effect="rotate" start="0" end="-90" center="auto" time="0">WindowClose</animation>
            </control>
        </control>
        
        <control type="group">
            <width>120</width>
            <height>574</height>
            <include>RightBlade3</include>
            <include>GuideBladeRight</include>
            <control type="label">
                <posx>1257</posx>
                <posy>513</posy>
                <width>325</width>
                <height>50</height>
                <label>$LOCALIZE[41441]</label>
                <textcolor>midgrey</textcolor>
                <font>Font-Condensed-S36</font>
                <align>center</align>
                <animation effect="rotate" start="0" end="-90" center="auto" time="0">WindowOpen</animation>
                <animation effect="rotate" start="0" end="-90" center="auto" time="0">WindowClose</animation>
            </control>
        </control>
        
        <control type="group">
            <width>120</width>
            <height>574</height>
            <include>RightBlade4</include>
            <include>GuideBladeRight</include>
            <control type="label">
                <posx>1257</posx>
                <posy>514</posy>
                <width>325</width>
                <height>50</height>
                <label>$LOCALIZE[41920]</label>
                <textcolor>midgrey</textcolor>
                <font>Font-Condensed-S36</font>
                <align>center</align>
                <animation effect="rotate" start="0" end="-90" center="auto" time="0">WindowOpen</animation>
                <animation effect="rotate" start="0" end="-90" center="auto" time="0">WindowClose</animation>
            </control>
        </control>
        
        <control type="image">
            <posx>512</posx>
            <posy>255</posy>
            <width>896</width>
            <height>568</height>
            <texture border="132,25,132,25">osd/media-guide/center.png</texture>
        </control>
         
        <control type="image">
            <posx>539</posx>
            <posy>265</posy>
            <width>90</width>
            <height>90</height>
            <texture>osd/media-guide/quicknavicon.png</texture>
            <aspectratio>stretch</aspectratio>
            <visible>ControlGroup(9100).HasFocus()</visible>
            <animation type="Conditional" condition="ControlGroup(9100).HasFocus()" reversible="false">
                <effect type="fade" start="0" end="100" time="300" />
            </animation>
        </control>
        <!-- Labels -->
        <control type="group">
            <width>120</width>
            <height>574</height>
            <visible>Control.HasFocus(9100)</visible>
            <animation type="Conditional" condition="Control.HasFocus(9100) + !IsEmpty(Window.property(center))" reversible="false">
                <effect type="fade" start="0" end="100" time="175" tween="sine" easing="inout" />
                <effect type="zoom" start="80" end="100" center="590,540" time="175" tween="sine" easing="inout" />
                <effect type="slide" start="-106" end="0" time="175" tween="sine" easing="inout" />
            </animation>
            <animation type="Conditional" condition="Control.HasFocus(9100) + IsEmpty(Window.property(center))" reversible="false">
                <effect type="fade" start="0" end="100" time="175" tween="sine" easing="in" />
                <effect type="zoom" start="95" end="100" center="590,540" time="175" tween="sine" easing="out" />
                <effect type="slide" start="30" end="0" time="175" tween="sine" easing="out" />
            </animation>
            <animation type="Hidden" reversible="false">
                <effect type="fade" end="100" time="0" delay="175" />
            </animation>
            <animation type="Conditional" condition="ControlGroup(9102).HasFocus" reversible="false">
                <effect type="fade" start="100" end="0" time="175" tween="sine" easing="in" />
                <effect type="zoom" start="100" end="95" center="590,540" time="175" tween="sine" easing="in" />
                <effect type="slide" start="0" end="30" time="175" tween="sine" easing="in" />
            </animation>
            <animation type="Conditional" condition="[Control.HasFocus(9105) | Control.HasFocus(9110)] + IsEmpty(Window.property(right))" reversible="false">
                <effect type="fade" start="100" end="0" delay="50" time="50" tween="sine" easing="in" />
                <effect type="zoom" start="100" end="80" center="590,540" time="175" tween="sine" easing="in" />
                <effect type="slide" start="0" end="-106" time="175" tween="sine" easing="in" />
            </animation>
            <control type="label">
                <posx>412</posx>
                <posy>513</posy>
                <width>350</width>
                <height>50</height>
                <label>$LOCALIZE[41441]</label>
                <textcolor>bbwhite</textcolor>
                <font>Font-Condensed-S45</font>
                <align>center</align>
                <animation effect="rotate" start="0" end="-90" center="auto" time="0">WindowOpen</animation>
                <animation effect="rotate" start="0" end="-90" center="auto" time="0">WindowClose</animation>
            </control>
        </control>
        <control type="group">
            <width>120</width>
            <height>574</height>
            <visible>Control.HasFocus(9105) | Control.HasFocus(9110)</visible>
            <animation type="Conditional" condition="[Control.HasFocus(9105) | Control.HasFocus(9110)] + !IsEmpty(Window.property(right))" reversible="false">
                <effect type="fade" start="0" end="100" time="175" tween="sine" easing="inout" />
                <effect type="zoom" start="80" end="100" center="590,540" time="175" tween="sine" easing="inout" />
                <effect type="slide" start="-106" end="0" time="175" tween="sine" easing="inout" />
            </animation>
            <animation type="Conditional" condition="[Control.HasFocus(9105) | Control.HasFocus(9110)] + IsEmpty(Window.property(right))" reversible="false">
                <effect type="fade" start="0" end="100" time="175" tween="sine" easing="in" />
                <effect type="zoom" start="95" end="100" center="590,540" time="175" tween="sine" easing="out" />
                <effect type="slide" start="30" end="0" time="175" tween="sine" easing="out" />
            </animation>
            <animation type="Hidden" reversible="false">
                <effect type="fade" end="100" time="0" delay="175" />
            </animation>
            <animation type="Conditional" condition="Control.HasFocus(9100) + !IsEmpty(Window.Property(center))" reversible="false">
                <effect type="fade" start="100" end="0" time="175" tween="sine" easing="in" />
                <effect type="zoom" start="100" end="95" center="590,540" time="175" tween="sine" easing="in" />
                <effect type="slide" start="0" end="30" time="175" tween="sine" easing="in" />
            </animation>
            <animation type="Conditional" condition="Control.HasFocus(9106)" reversible="false">
                <effect type="fade" start="100" end="0" delay="50" time="50" tween="sine" easing="in" />
                <effect type="zoom" start="100" end="80" center="590,540" time="175" tween="sine" easing="in" />
                <effect type="slide" start="0" end="-106" time="175" tween="sine" easing="in" />
            </animation>
            <control type="label">
                <posx>412</posx>
                <posy>513</posy>
                <width>350</width>
                <height>50</height>
                <label>$LOCALIZE[41443]</label>
                <textcolor>bbwhite</textcolor>
                <font>Font-Condensed-S45</font>
                <align>center</align>
                <animation effect="rotate" start="0" end="-90" center="auto" time="0">WindowOpen</animation>
                <animation effect="rotate" start="0" end="-90" center="auto" time="0">WindowClose</animation>
            </control>
        </control>
        <control type="group">
            <width>120</width>
            <height>574</height>
            <visible>ControlGroup(9102).HasFocus | ControlGroup(9108).HasFocus | ControlGroup(9109).HasFocus | ControlGroup(9120).HasFocus</visible>
            <animation type="Conditional" condition="[ControlGroup(9102).HasFocus | ControlGroup(9108).HasFocus | ControlGroup(9109).HasFocus | ControlGroup(9120).HasFocus] + IsEmpty(Window.property(left))" reversible="false">
                <effect type="fade" start="0" end="100" time="175" tween="sine" easing="inout" />
                <effect type="zoom" start="80" end="100" center="590,540" time="175" tween="sine" easing="inout" />
                <effect type="slide" start="-106" end="0" time="175" tween="sine" easing="inout" />
            </animation>
            <animation type="Conditional" condition="[ControlGroup(9102).HasFocus | ControlGroup(9108).HasFocus | ControlGroup(9109).HasFocus | ControlGroup(9120).HasFocus] + !IsEmpty(Window.property(left))" reversible="false">
                <effect type="fade" start="0" end="100" time="175" tween="sine" easing="in" />
                <effect type="zoom" start="95" end="100" center="590,540" time="175" tween="sine" easing="out" />
                <effect type="slide" start="30" end="0" time="175" tween="sine" easing="out" />
            </animation>
            <animation type="Hidden" reversible="false">
                <effect type="fade" end="100" time="0" delay="175" />
            </animation>
            <animation type="Conditional" condition="Control.HasFocus(9103)" reversible="false">
                <effect type="fade" start="100" end="0" time="175" tween="sine" easing="in" />
                <effect type="zoom" start="100" end="95" center="590,540" time="175" tween="sine" easing="in" />
                <effect type="slide" start="0" end="30" time="175" tween="sine" easing="in" />
            </animation>
            <animation type="Conditional" condition="Control.HasFocus(9100) + IsEmpty(Window.Property(center))" reversible="false">
                <effect type="fade" start="100" end="0" delay="50" time="50" tween="sine" easing="in" />
                <effect type="zoom" start="100" end="80" center="590,540" time="175" tween="sine" easing="in" />
                <effect type="slide" start="0" end="-106" time="175" tween="sine" easing="in" />
            </animation>
            <control type="label">
                <posx>412</posx>
                <posy>513</posy>
                <width>350</width>
                <height>50</height>
                <label>$LOCALIZE[41920]</label>
                <textcolor>bbwhite</textcolor>
                <font>Font-Condensed-S45</font>
                <align>center</align>
                <animation effect="rotate" start="0" end="-90" center="auto" time="0">WindowOpen</animation>
                <animation effect="rotate" start="0" end="-90" center="auto" time="0">WindowClose</animation>
            </control>
        </control>
        <control type="group">
            <width>120</width>
            <height>574</height>
            <visible>Control.HasFocus(9103)</visible>
            <animation type="Conditional" condition="Control.HasFocus(9103)" reversible="false">
                <effect type="fade" start="0" end="100" time="175" tween="sine" easing="inout" />
                <effect type="zoom" start="80" end="100" center="590,540" time="175" tween="sine" easing="inout" />
                <effect type="slide" start="-106" end="0" time="175" tween="sine" easing="inout" />
            </animation>
            <animation type="Hidden" reversible="false">
                <effect type="fade" start="100" end="0" delay="50" time="50" tween="sine" easing="in" />
                <effect type="zoom" start="100" end="80" center="590,540" time="175" tween="sine" easing="in" />
                <effect type="slide" start="0" end="-106" time="175" tween="sine" easing="in" />
            </animation>
            <control type="label">
                <posx>412</posx>
                <posy>524</posy>
                <width>350</width>
                <height>50</height>
                <label>$LOCALIZE[41440]</label>
                <textcolor>bbwhite</textcolor>
                <font>Font-Condensed-S45</font>
                <align>center</align>
                <animation effect="rotate" start="0" end="-90" center="auto" time="0">WindowOpen</animation>
                <animation effect="rotate" start="0" end="-90" center="auto" time="0">WindowClose</animation>
            </control>
        </control>
        <control type="group">
            <width>120</width>
            <height>574</height>
            <visible>Control.HasFocus(9106)</visible>
            <animation type="Conditional" condition="Control.HasFocus(9106)" reversible="false">
                <effect type="fade" start="0" end="100" time="175" tween="sine" easing="in" />
                <effect type="zoom" start="95" end="100" center="590,540" time="175" tween="sine" easing="out" />
                <effect type="slide" start="30" end="0" time="175" tween="sine" easing="out" />
            </animation>
            <animation type="Hidden" reversible="false">
                <effect type="fade" start="100" end="0" time="175" tween="sine" easing="in" />
                <effect type="zoom" start="100" end="95" center="590,540" time="175" tween="sine" easing="in" />
                <effect type="slide" start="0" end="30" time="175" tween="sine" easing="in" />
            </animation>
            <control type="label">
                <posx>412</posx>
                <posy>524</posy>
                <width>350</width>
                <height>50</height>
                <label>$LOCALIZE[41444]</label>
                <textcolor>bbwhite</textcolor>
                <font>Font-Condensed-S45</font>
                <align>center</align>
                <animation effect="rotate" start="0" end="-90" center="auto" time="0">WindowOpen</animation>
                <animation effect="rotate" start="0" end="-90" center="auto" time="0">WindowClose</animation>
            </control>
        </control>
            
        <control type="label">
            <description>Clock</description>
            <posx>560r</posx>
            <posy>241</posy>
            <width>1700</width>
            <label>[B]$INFO[System.Time][/B]</label>
            <font>Font-Condensed-S34</font>
            <textcolor>bbwhite</textcolor>
            <align>right</align>
            <scroll>false</scroll>
            <visible>!Skin.HasSetting(Guide.HideClock)</visible>
        </control>
        <control type="rss">
            <posx>714</posx>
            <posy>284</posy>
            <height>30</height>
            <width>640</width>
            <font>Font-Condensed-S31</font>
            <urlset>1</urlset>
            <textcolor>rsstext</textcolor>
            <titlecolor>rsstitle</titlecolor>
            <shadowcolor>22000000</shadowcolor>
            <headlinecolor>ddwhite</headlinecolor>
        </control>
        <control type="image">
            <posx>662</posx>
            <posy>281</posy>
            <width>50</width>
            <height>50</height>
            <texture>osd/media-guide/rssicon.png</texture>
            <aspectratio>stretch</aspectratio>
        </control>
        <control type="image">
            <posx>643</posx>
            <posy>333</posy>
            <width>742</width>
            <height>1</height>
            <texture>osd/media-guide/line.png</texture>
            <colordiffuse>aawhite</colordiffuse>
            <aspectratio>stretch</aspectratio>
        </control>

        <!-- current user logo -->
        <control type="image">
            <posx>920</posx>
            <posy>188</posy>
            <width>80</width>
            <height>80</height>
            <info>System.ProfileThumb</info>
            <texture diffuse="windows/logon/profile_mask.png" />
            <fadetime>300</fadetime>
            <aspectratio scalediffuse="false">scale</aspectratio>
            <visible>!Skin.HasSetting(Guide.HideUserImage)</visible>
        </control>
    </include>
</includes>