<window>
    <defaultcontrol>1001</defaultcontrol>
    <include>OpenCloseAnimationContext</include>
    <animation effect="slide" end="0,-16" time="0" condition="StringCompare(Window(Home).Property(search_list),141) | StringCompare(Window(Home).Property(search_list),151)">Conditional</animation>
    <animation effect="slide" end="0,-32" time="0" condition="StringCompare(Window(Home).Property(search_list),181)">Conditional</animation>
    <controls>
        <control type="image" id="997">
            <visible>false</visible>
        </control>
        <control type="image" id="998">
            <visible>false</visible>
        </control>
        <control type="image" id="999">
            <visible>false</visible>
        </control>
        <control type="button" id="1001">
            <visible allowhiddenfocus="true">false</visible>
            <onfocus>SetFocus(1004)</onfocus>
        </control>
        <control type="button" id="1002">
            <visible>false</visible>
        </control>
        <control type="button" id="1003">
            <visible>false</visible>
        </control>
        <control type="button" id="1004">
            <posx>115</posx>
            <posy>450</posy>
            <include condition="StringCompare(Window(Home).Property(search_list),111) | StringCompare(Window(Home).Property(search_list),121) | StringCompare(Window(Home).Property(search_list),131)">ContextMenuSearchSmallWidth</include>
            <include condition="StringCompare(Window(Home).Property(search_list),141) | StringCompare(Window(Home).Property(search_list),151)">ContextMenuSearchLargeWidth</include>
            <include condition="StringCompare(Window(Home).Property(search_list),161) | StringCompare(Window(Home).Property(search_list),171) | StringCompare(Window(Home).Property(search_list),181)">ContextMenuSearchMediumWidth</include>
            <textcolor>aawhite</textcolor>
            <texturefocus border="45,2,45,2">dialogs/context/selection.png</texturefocus>
            <include>ContextMenuButtonVars</include>
            <label>$INFO[Control.GetLabel(1001)]</label>
            <onclick>SendClick(1001)</onclick>
            <onup>1006</onup>
            <ondown>1005</ondown>
            <animation effect="slide" end="0,30" time="0" condition="IsEmpty(Control.GetLabel(1002))">Conditional</animation>
            <animation effect="slide" end="0,30" time="0" condition="IsEmpty(Control.GetLabel(1003))">Conditional</animation>
        </control>
        <control type="button" id="1005">
            <posx>115</posx>
            <posy>510</posy>
            <include condition="StringCompare(Window(Home).Property(search_list),111) | StringCompare(Window(Home).Property(search_list),121) | StringCompare(Window(Home).Property(search_list),131)">ContextMenuSearchSmallWidth</include>
            <include condition="StringCompare(Window(Home).Property(search_list),141) | StringCompare(Window(Home).Property(search_list),151)">ContextMenuSearchLargeWidth</include>
            <include condition="StringCompare(Window(Home).Property(search_list),161) | StringCompare(Window(Home).Property(search_list),171) | StringCompare(Window(Home).Property(search_list),181)">ContextMenuSearchMediumWidth</include>
            <textcolor>aawhite</textcolor>
            <texturefocus border="45,2,45,2">dialogs/context/selection.png</texturefocus>
            <include>ContextMenuButtonVars</include>
            <label>$INFO[Control.GetLabel(1002)]</label>
            <onclick>SendClick(1002)</onclick>
            <onup>1004</onup>
            <ondown>1006</ondown>
            <animation effect="slide" end="0,-30" time="0" condition="IsEmpty(Control.GetLabel(1001))">Conditional</animation>
            <animation effect="slide" end="0,30" time="0" condition="IsEmpty(Control.GetLabel(1003))">Conditional</animation>
            <visible>!IsEmpty(Control.GetLabel(1002))</visible>
        </control>
        <control type="button" id="1006">
            <posx>115</posx>
            <posy>570</posy>
            <include condition="StringCompare(Window(Home).Property(search_list),111) | StringCompare(Window(Home).Property(search_list),121) | StringCompare(Window(Home).Property(search_list),131)">ContextMenuSearchSmallWidth</include>
            <include condition="StringCompare(Window(Home).Property(search_list),141) | StringCompare(Window(Home).Property(search_list),151)">ContextMenuSearchLargeWidth</include>
            <include condition="StringCompare(Window(Home).Property(search_list),161) | StringCompare(Window(Home).Property(search_list),171) | StringCompare(Window(Home).Property(search_list),181)">ContextMenuSearchMediumWidth</include>
            <textcolor>aawhite</textcolor>
            <texturefocus border="45,2,45,2">dialogs/context/selection.png</texturefocus>
            <include>ContextMenuButtonVars</include>
            <label>$INFO[Control.GetLabel(1003)]</label>
            <onclick>SendClick(1003)</onclick>
            <onup>1005</onup>
            <ondown>1004</ondown>
            <animation effect="slide" end="0,-30" time="0" condition="IsEmpty(Control.GetLabel(1001))">Conditional</animation>
            <animation effect="slide" end="0,-30" time="0" condition="IsEmpty(Control.GetLabel(1002))">Conditional</animation>
            <visible>!IsEmpty(Control.GetLabel(1003))</visible>
        </control>
    </controls>
</window>
