<window>
    <defaultcontrol always="true">20</defaultcontrol>
    <allowoverlay>no</allowoverlay>
    <backgroundcolor>0</backgroundcolor>
    <controls>
        
        <include>CommonSettingsItems</include>
        <include>SettingsHeader</include>
        
        <control type="group">
            <include>OptionsShutdownAnimation</include>
            <animation type="WindowClose">
                <effect type="fade" start="100" end="0" time="300" tween="sine" easing="out" />
                <effect type="zoom" start="100" end="85" time="300" center="960,600" tween="sine" easing="out" />
            </animation>
            <control type="group">
                <animation type="WindowOpen">
                    <effect type="slide" start="200" end="0" tween="cubic" easing="out" time="650" />
                    <effect type="fade" start="0" end="100" tween="sine" easing="inout" time="300" />
                    <effect type="zoom" start="88" end="100" center="576,560" tween="cubic" easing="out" time="400" />
                </animation>
                            
                <control type="label">
                    <description>Category</description>
                    <posx>483</posx>
                    <posy>240</posy>
                    <height>40</height>
                    <width>338</width>
                    <align>right</align>
                    <font>Font-Condensed-S25-B</font>
                    <label>[UPPERCASE]$LOCALIZE[42130][/UPPERCASE]</label>
                    <textcolor>aawhite</textcolor>
                </control>
                
                <!-- Panel -->
                <control type="image">
                    <posx>178</posx>
                    <posy>278</posy>
                    <height>613</height>
                    <width>342</width>
                    <texture border="4">views/list/panel/panel.png</texture>
                </control>
                
                <!-- Side Buttons -->
                <control type="grouplist" id="20">
                    <description>Button Area</description>
                    <posx>180</posx>
                    <posy>281</posy>
                    <width>338</width>
                    <height>609</height>
                    <itemgap>-1</itemgap>
                    <onleft>20</onleft>
                    <onright>20</onright>
                    <onup>20</onup>
                    <ondown>20</ondown>
                    <scrolltime tween="cubic" easing="out">500</scrolltime>
                    <orientation>vertical</orientation>
                    <control type="button" id="95">
                        <description>Button Summary Values</description>
                        <label>20037</label>
                        <width>338</width>
                        <height>77</height>
                        <align>left</align>
                        <aligny>center</aligny>
                        <texturefocus border="150,3,150,3">windows/settings/images/right-focus.png</texturefocus>
                        <texturenofocus border="90,3,90,3">views/list/other/separator.png</texturenofocus>
                        <textcolor>96FFFFFF</textcolor>
                        <focusedcolor>white</focusedcolor>
                        <disabledcolor>40FFFFFF</disabledcolor>
                        <font>Font-Condensed-S30-B</font>
                        <textoffsetx>35</textoffsetx>
                        <onfocus>SetProperty(CurrentButtonLabel,$LOCALIZE[20037])</onfocus>
                    </control>
                    <control type="button" id="94">
                        <description>Button Storage</description>
                        <label>13277</label>
                        <width>338</width>
                        <height>77</height>
                        <align>left</align>
                        <aligny>center</aligny>
                        <texturefocus border="150,3,150,3">windows/settings/images/right-focus.png</texturefocus>
                        <texturenofocus border="90,3,90,3">views/list/other/separator.png</texturenofocus>
                        <textcolor>96FFFFFF</textcolor>
                        <focusedcolor>white</focusedcolor>
                        <disabledcolor>40FFFFFF</disabledcolor>
                        <font>Font-Condensed-S30-B</font>
                        <textoffsetx>35</textoffsetx>
                        <onfocus>SetProperty(CurrentButtonLabel,$LOCALIZE[13277])</onfocus>
                    </control>
                    <control type="button" id="96">
                        <description>Button Network</description>
                        <label>13279</label>
                        <width>338</width>
                        <height>77</height>
                        <align>left</align>
                        <aligny>center</aligny>
                        <texturefocus border="150,3,150,3">windows/settings/images/right-focus.png</texturefocus>
                        <texturenofocus border="90,3,90,3">views/list/other/separator.png</texturenofocus>
                        <textcolor>96FFFFFF</textcolor>
                        <focusedcolor>white</focusedcolor>
                        <disabledcolor>40FFFFFF</disabledcolor>
                        <font>Font-Condensed-S30-B</font>
                        <textoffsetx>35</textoffsetx>
                        <onfocus>SetProperty(CurrentButtonLabel,$LOCALIZE[13279])</onfocus>
                    </control>
                    <control type="button" id="97">
                        <description>Button Video</description>
                        <label>13280</label>
                        <width>338</width>
                        <height>77</height>
                        <align>left</align>
                        <aligny>center</aligny>
                        <texturefocus border="150,3,150,3">windows/settings/images/right-focus.png</texturefocus>
                        <texturenofocus border="90,3,90,3">views/list/other/separator.png</texturenofocus>
                        <textcolor>96FFFFFF</textcolor>
                        <focusedcolor>white</focusedcolor>
                        <disabledcolor>40FFFFFF</disabledcolor>
                        <font>Font-Condensed-S30-B</font>
                        <textoffsetx>35</textoffsetx>
                        <onfocus>SetProperty(CurrentButtonLabel,$LOCALIZE[13280])</onfocus>
                    </control>
                    <control type="button" id="98">
                        <description>Button Hardware</description>
                        <label>13281</label>
                        <width>338</width>
                        <height>77</height>
                        <align>left</align>
                        <aligny>center</aligny>
                        <texturefocus border="150,3,150,3">windows/settings/images/right-focus.png</texturefocus>
                        <texturenofocus border="90,3,90,3">views/list/other/separator.png</texturenofocus>
                        <textcolor>96FFFFFF</textcolor>
                        <focusedcolor>white</focusedcolor>
                        <disabledcolor>40FFFFFF</disabledcolor>
                        <font>Font-Condensed-S30-B</font>
                        <textoffsetx>35</textoffsetx>
                        <onfocus>SetProperty(CurrentButtonLabel,$LOCALIZE[13281])</onfocus>
                    </control>
                    <control type="button" id="99">
                        <description>Button PVR</description>
                        <label>19191</label>
                        <width>338</width>
                        <height>77</height>
                        <align>left</align>
                        <aligny>center</aligny>
                        <texturefocus border="150,3,150,3">windows/settings/images/right-focus.png</texturefocus>
                        <texturenofocus border="90,3,90,3">views/list/other/separator.png</texturenofocus>
                        <textcolor>96FFFFFF</textcolor>
                        <focusedcolor>white</focusedcolor>
                        <disabledcolor>40FFFFFF</disabledcolor>
                        <font>Font-Condensed-S30-B</font>
                        <textoffsetx>35</textoffsetx>
                        <onfocus>SetProperty(CurrentButtonLabel,$LOCALIZE[19191])</onfocus>
                    </control>
                </control>
            </control>
            <control type="group">
                <posx>175</posx> 
                <animation type="WindowOpen">
                    <effect type="slide" start="200" end="0" tween="cubic" easing="out" time="545" delay="75" />
                    <effect type="fade" start="0" end="100" tween="sine" easing="inout" time="300" delay="75" />
                    <effect type="zoom" start="76" end="100" center="1344,560" tween="cubic" easing="out" time="400" delay="75" /> 
                </animation>
                
                <control type="label">
                    <description>Settings info</description>
                    <posx>390</posx>
                    <posy>240</posy>
                    <height>40</height>
                    <width>338</width>
                    <align>left</align>
                    <font>Font-Condensed-S25-B</font>
                    <label>[UPPERCASE]$INFO[Window.Property(CurrentButtonLabel)][/UPPERCASE]</label>
                    <textcolor>aawhite</textcolor>
                </control>
                          
                <!-- Panel -->
                <control type="image">
                    <posx>353</posx>
                    <posy>278</posy>
                    <height>613</height>
                    <width>1214</width>
                    <texture border="4">views/list/panel/panel.png</texture>
                </control>
                <control type="image">
                    <description>Shadow</description>
                    <posx>-45</posx>
                    <posy>883</posy>
                    <width>1710</width>
                    <height>150</height>
                    <texture>windows/home/item-shadow.png</texture>
                </control>
                
                <control type="grouplist">
                    <description>Info Area</description>
                    <posx>355</posx>
                    <posy>297</posy>
                    <width>1210</width>
                    <height>495</height>
                    <itemgap>0</itemgap>
                    <onleft>noop</onleft>
                    <onright>noop</onright>
                    <onup>noop</onup>
                    <ondown>noop</ondown>
                    <scrolltime tween="cubic" easing="out">500</scrolltime>
                    <orientation>vertical</orientation>
                    <control type="button" id="2">
                        <include>SettingsSystemInfoLabel</include>
                    </control>
                    <control type="button" id="3">
                        <include>SettingsSystemInfoLabel</include>
                    </control>
                    <control type="button" id="4">
                        <include>SettingsSystemInfoLabel</include>
                    </control>
                    <control type="button" id="5">
                        <include>SettingsSystemInfoLabel</include>
                    </control>
                    <control type="button" id="6">
                        <include>SettingsSystemInfoLabel</include>
                    </control>
                    <control type="button" id="7">
                        <include>SettingsSystemInfoLabel</include>
                    </control>
                    <control type="button" id="8">
                        <include>SettingsSystemInfoLabel</include>
                    </control>
                    <control type="button" id="9">
                        <include>SettingsSystemInfoLabel</include>
                    </control>
                    <!--<control type="button" id="10">
                        <include>SettingsSystemInfoLabel</include>
                    </control>
                    <control type="button" id="11">
                        <include>SettingsSystemInfoLabel</include>
                    </control>-->
                </control>
                
                <control type="image">
                    <posx>355</posx>
                    <posy>661</posy>
                    <width>1210</width>
                    <height>77</height>
                    <texture border="90,3,90,3">views/list/other/separator.png</texture>
                </control>
                
                <control type="image">
                    <posx>1220</posx>
                    <posy>767</posy>
                    <width>336</width>
                    <height>100</height>
                    <texture>windows/settings/xbmc-logo.png</texture>
                </control>
                
                <control type="group">
                    <posx>355</posx>
                    <posy>769</posy>
                    <control type="label" id="1">
                        <posy>0</posy>
                        <label>$INFO[System.BuildVersion,$LOCALIZE[144] ,]</label>
                        <textcolor>CFFFFFFF</textcolor>
                        <include>SettingsSystemInfoLabel</include>
                    </control>
                    <control type="label" id="1">
                        <posy>45</posy>
                        <label>$INFO[System.BuildDate,$LOCALIZE[552]: ,]</label>
                        <textcolor>CFFFFFFF</textcolor>
                        <include>SettingsSystemInfoLabel</include>
                    </control>
                </control>
            </control>
        </control>

        <include>Common-Info-NoOptions</include>
    </controls>
</window>