<?xml version="1.0" encoding="UTF-8" standalone="yes"?>
<addon id="metadata.common.ofdb.de"
       name="OFDb.de common scraper functions"
       version="1.0.1"
       provider-name="olympia; Team-XBMC">
  <requires>
    <import addon="xbmc.metadata" version="2.1.0"/>
  </requires>
  <extension point="xbmc.metadata.scraper.library"
             library="ofdbcommon.xml"/>
  <extension point="xbmc.addon.metadata">
    <platform>all</platform>
    <summary lang="en">OFDb.de Scraper Library</summary>
    <description lang="en">OFDb.de Scraper Library</description>
  </extension>
</addon>
