<?xml version="1.0" ?>
<channels xmlns="http://xsd.rieter.net/net.rieter.xot/channels">
    <channel>
        <guid>BD113683-233A-46EB-962D-98B3C02EB738</guid>
        <name>RTV Utrecht</name>
        <description>RTV Utrecht Uitzendinggemist</description>
        <icon>rtvutrechticon.png</icon>
        <iconlarge>rtvutrechtlarge.png</iconlarge>
        <category>Regional</category>
        <channelcode>rtvutrecht</channelcode>
        <sortorder>12</sortorder>
        <language>nl</language>
        <compatible>Environments.All</compatible>
    </channel>
    <channel>
        <guid>B7EB69DF-18C4-4935-BA83-0B2A89295178</guid>
        <name>RTV Drenthe</name>
        <description>RTV Drenthe Uitzendinggemist</description>
        <icon>rtvdrentheicon.png</icon>
        <iconlarge>rtvdrenthelarge.png</iconlarge>
        <category>Regional</category>
        <channelcode>rtvdrenthe</channelcode>
        <sortorder>12</sortorder>
        <language>nl</language>
        <compatible>Environments.All</compatible>
    </channel>
    <channel>
        <guid>B099990E-5749-44FC-A5C5-A40427A9A5C9</guid>
        <name>RTV Oost</name>
        <description>RTV Oost Uitzendinggemist</description>
        <icon>rtvoosticon.png</icon>
        <iconlarge>rtvoostlarge.png</iconlarge>
        <category>Regional</category>
        <channelcode>rtvoost</channelcode>
        <sortorder>12</sortorder>
        <language>nl</language>
        <compatible>Environments.All</compatible>
    </channel>
    <channel>
        <guid>7C40EEE7-40F4-40ED-8A70-FAAB42B7A2B1</guid>
        <name>RTV Noord</name>
        <description>RTV Noord Uitzendinggemist</description>
        <icon>rtvnoordicon.png</icon>
        <iconlarge>rtvnoordlarge.png</iconlarge>
        <category>Regional</category>
        <channelcode>rtvnoord</channelcode>
        <sortorder>12</sortorder>
        <language>nl</language>
        <compatible>Environments.All</compatible>
    </channel>
    <channel>
        <guid>EF46E726-92F4-42FC-A6D4-68A888E23E96</guid>
        <name>RTV Noord-Holland</name>
        <description>RTV Noord-Holland Uitzendinggemist</description>
        <icon>rtvnhicon.png</icon>
        <iconlarge>rtvnhlarge.png</iconlarge>
        <category>Regional</category>
        <channelcode>rtvnh</channelcode>
        <sortorder>12</sortorder>
        <language>nl</language>
        <compatible>Environments.All</compatible>
    </channel>
    <channel>
        <guid>AF2B907D-D437-46DB-B802-F946850098FB</guid>
        <name>RTV Rijnmond</name>
        <description>RTV Rijnmond Uitzendinggemist</description>
        <icon>rtvrijnmondicon.png</icon>
        <iconlarge>rtvrijnmondlarge.png</iconlarge>
        <category>Regional</category>
        <channelcode>rtvrijnmond</channelcode>
        <sortorder>12</sortorder>
        <language>nl</language>
        <compatible>Environments.All</compatible>
    </channel>
    <channel>
        <guid>EFE57022-9F52-41F9-8775-13CCD001FA56</guid>
        <name>Omroep West</name>
        <description>Omroep West Uitzendinggemist</description>
        <icon>omroepwesticon.png</icon>
        <iconlarge>omroepwestlarge.png</iconlarge>
        <category>Regional</category>
        <channelcode>omroepwest</channelcode>
        <sortorder>12</sortorder>
        <language>nl</language>
        <compatible>Environments.All</compatible>
    </channel>
    <channel>
        <guid>B2AF5744-4697-44CD-9A54-CFD6A4273207</guid>
        <name>Omroep Gelderland</name>
        <description>Omroep Gelderland Uitzendinggemist</description>
        <icon>omroepgelderlandicon.png</icon>
        <iconlarge>omroepgelderlandlarge.png</iconlarge>
        <category>Regional</category>
        <channelcode>omroepgelderland</channelcode>
        <sortorder>12</sortorder>
        <language>nl</language>
        <compatible>Environments.All</compatible>
    </channel>
    <channel>
        <guid>8B4A56C7-44D5-40C2-A890-2287C4C1D74B</guid>
        <name>Omroep Zeeland</name>
        <description>Omroep Zeeland Uitzendinggemist</description>
        <icon>omroepzeelandicon.png</icon>
        <iconlarge>omroepzeelandlarge.png</iconlarge>
        <category>Regional</category>
        <channelcode>omroepzeeland</channelcode>
        <sortorder>12</sortorder>
        <language>nl</language>
        <compatible>Environments.All</compatible>
    </channel>
    <channel>
        <guid>770D3385-2EC9-4B87-9BC8-3A7190248A9C</guid>
        <name>Omroep Brabant</name>
        <description>Omroep Brabant Uitzendinggemist</description>
        <icon>omroepbrabanticon.png</icon>
        <iconlarge>omroepbrabantlarge.png</iconlarge>
        <category>Regional</category>
        <channelcode>omroepbrabant</channelcode>
        <sortorder>12</sortorder>
        <language>nl</language>
        <compatible>Environments.All</compatible>
    </channel>
    <channel>
        <guid>81CD5339-0D59-4019-9171-12A98815311C</guid>
        <name>Omrop Fryslân</name>
        <description>Omrop Fryslân Uitzendinggemist</description>
        <icon>omropfryslanicon.png</icon>
        <iconlarge>omropfryslanlarge.png</iconlarge>
        <category>Regional</category>
        <channelcode>omropfryslan</channelcode>
        <sortorder>12</sortorder>
        <language>nl</language>
        <compatible>Environments.All</compatible>
    </channel>
</channels>