<window>
    <defaultcontrol always="true">450</defaultcontrol>
    <include condition="IsEmpty(Window(3004).Property(ChooseArt))">ZOrder3</include>
    <include condition="!IsEmpty(Window(3004).Property(ChooseArt))">ZOrder0</include>
    <onload condition="Window.IsActive(networksetup)">SetProperty(ShowDialog,1,Home)</onload>
    <onload condition="Window.IsActive(networksetup)">SetProperty(ShowDialog,1)</onload>
    <onunload>ClearProperty(ShowDialog,home)</onunload>
    <onunload condition="!IsEmpty(Window(3004).Property(ChooseArt))">ClearProperty(ChooseArt,3004)</onunload>
    
    <onunload condition="!IsEmpty(Window(selectdialog).Property(Property))">Skin.SetString($INFO[Window(selectdialog).Property(Property),,.Label],$INFO[Window(selectdialog).Property(Label)])</onunload>
    <onunload condition="!IsEmpty(Window(selectdialog).Property(Property))">Skin.SetString($INFO[Window(selectdialog).Property(Property),,.Icon],$INFO[Window(selectdialog).Property(Icon)])</onunload>
    <onunload condition="!IsEmpty(Window(selectdialog).Property(Property))">ClearProperty(Label,selectdialog)</onunload>
    <onunload condition="!IsEmpty(Window(selectdialog).Property(Property))">ClearProperty(Icon,selectdialog)</onunload>
    <onunload condition="!IsEmpty(Window(selectdialog).Property(Property))">ClearProperty(Property,selectdialog)</onunload>
    
    <controls>
        <include condition="IsEmpty(Window(3004).Property(ChooseArt))">FileBrowserDefault</include>
        <include condition="!IsEmpty(Window(3004).Property(ChooseArt))">FileBrowserArt</include>
    </controls>
</window>