<includes>

    <variable name="GlobalSearchInfoVideoArt">
        <value condition="Control.IsVisible(140) + !IsEmpty(Container(100).ListItem.Thumb)">$INFO[Container(100).ListItem.Thumb]</value>
        <value condition="!IsEmpty(Container(100).ListItem.property(fanart))">$INFO[Container(100).ListItem.property(fanart)]</value>
        <value condition="Control.IsVisible(120)">views/fallbacks/DefaultFolder.png/landscape.png</value>
        <value>views/fallbacks/DefaultVideo.png/landscape.png</value>
    </variable>
    
    <variable name="GlobalSearchInfoVideoThumb">
        <value condition="!IsEmpty(Container(100).ListItem.Thumb)">$INFO[Container(100).ListItem.Thumb]</value>
        <value condition="Control.IsVisible(120)">views/fallbacks/DefaultFolder.png/large.png</value>
        <value>views/fallbacks/DefaultVideo.png/large.png</value>
    </variable>
    
    <variable name="GlobalSearchInfoAudioArt">
        <value condition="!IsEmpty(Container(100).ListItem.Thumb)">$INFO[Container(100).ListItem.Thumb]</value>
        <value condition="Control.IsVisible(160)">views/fallbacks/DefaultArtist.png/square-large.png</value>
        <value condition="Control.IsVisible(170)">views/fallbacks/DefaultAlbumCover.png/square-large.png</value>
        <value>views/fallbacks/DefaultAudio.png/square-large.png</value>
    </variable>
    
    <variable name="GlobalSearchInfoVideoOverlay">
        <value condition="!IntegerGreaterThan(Container(100).ListItem.property(playcount),0)">overlays/OverlayUnWatched.png/extended-w.png</value>
    </variable>

    <variable name="GlobalSearchMainSortLetter">
        <value condition="Control.HasFocus(111)">$INFO[Container(111).ListItem.SortLetter]</value>
        <value condition="Control.HasFocus(121)">$INFO[Container(121).ListItem.SortLetter]</value>
        <value condition="Control.HasFocus(131)">$INFO[Container(131).ListItem.SortLetter]</value>
        <value condition="Control.HasFocus(141)">$INFO[Container(141).ListItem.SortLetter]</value>
        <value condition="Control.HasFocus(151)">$INFO[Container(151).ListItem.SortLetter]</value>
        <value condition="Control.HasFocus(161)">$INFO[Container(161).ListItem.SortLetter]</value>
        <value condition="Control.HasFocus(171)">$INFO[Container(171).ListItem.SortLetter]</value>
        <value condition="Control.HasFocus(181)">$INFO[Container(181).ListItem.SortLetter]</value>
    </variable>
    
    <variable name="GlobalSearchInfoTitleLabel">
        <value condition="!IsEmpty(Container(100).ListItem.Property(TagLine))">$INFO[Container(100).ListItem.Property(TagLine)]</value>
        <value>$INFO[Container(100).ListItem.Label]</value>
    </variable>

    <include name="GlobalSearchInfoVideo">
        <control type="group">
            <posx>0</posx>
            <posy>0</posy>
            <width>1920</width>
            <height>1080</height>
            <animation type="WindowOpen">
                <effect type="fade" start="0" end="100" time="300" tween="sine" delay="300" easing="out" />
                <effect type="zoom" start="335,125,1440,810" end="0,0,1920,1080" time="400" delay="300" tween="cubic" easing="out" />
            </animation>
            <animation type="WindowClose">
                <effect type="fade" start="100" end="0" time="300" tween="sine" easing="out" />
                <effect type="zoom" start="0,0,1920,1080" end="335,125,1440,810" time="300" tween="cubic" easing="out" />
            </animation>
            
            <!-- Title Label -->
            <control type="group">
                <visible>!Player.HasMedia + !Window.IsActive(infodialog) + !Window.IsActive(extendedprogressdialog)</visible>
                <animation effect="fade" start="0" end="100" time="300" tween="sine" delay="300" easing="in">WindowOpen</animation>
                <include>visiblehidefadeinfo</include>
                <control type="grouplist">
                    <posx>87</posx>
                    <posy>51</posy>
                    <width>1490</width>
                    <height>100</height>
                    <aligny>center</aligny>
                    <orientation>horizontal</orientation>
                    <visible>Control.IsVisible(120) + !IsEmpty(Container(100).ListItem.Property(MPAA))</visible>
                    <control type="group">
                        <posx>0</posx>
                        <posy>0</posy>
                        <width>130</width>
                        <control type="image">
                            <include>TVRatingFlagLayout</include>
                            <texture>$INFO[Container(100).ListItem.Property(MPAA),flags/mpaa/tv/medium/,.png]</texture>
                        </control>
                    </control>
                    <control type="label">
                        <posx>0</posx>
                        <posy>0</posy>
                        <height>100</height>
                        <width min="0" max="1360">auto</width>
                        <label>$INFO[Container(100).ListItem.Label]</label>
                        <font>Font-Condensed-S75</font>
                        <textcolor>aawhite</textcolor>
                        <align>left</align>
                        <scroll>false</scroll>
                    </control>
                </control>
                
                <!-- Title Label -->            
                <control type="label">
                    <posx>118</posx>
                    <posy>51</posy>
                    <width>1490</width>
                    <height>100</height>
                    <label>$INFO[Container(100).ListItem.Label]</label>
                    <font>Font-Condensed-S75</font>
                    <textcolor>aawhite</textcolor>
                    <align>left</align>
                    <scroll>false</scroll>
                    <visible>!Control.IsVisible(140) + ![Control.IsVisible(120) + !IsEmpty(Container(100).ListItem.Property(MPAA))]</visible>
                </control>
    
                <!-- Title Label -->            
                <control type="label">
                    <posx>118</posx>
                    <posy>51</posy>
                    <width>1490</width>
                    <height>100</height>
                    <label>$INFO[Container(100).ListItem.Property(TvShowTitle)]</label>
                    <font>Font-Condensed-S75</font>
                    <textcolor>aawhite</textcolor>
                    <align>left</align>
                    <scroll>false</scroll>
                    <visible>Control.IsVisible(140)</visible>
                </control>
            </control>
            
            <!-- Title Label -->
            <control type="group">
                <visible>Player.HasMedia | Window.IsActive(infodialog) | Window.IsActive(extendedprogressdialog)</visible>
                <animation effect="fade" start="0" end="100" time="300" tween="sine" delay="300" easing="in">WindowOpen</animation>
                <include>visiblehidefadeinfo</include>
                <control type="grouplist">
                    <posx>87</posx>
                    <posy>51</posy>
                    <width>832</width>
                    <height>100</height>
                    <aligny>center</aligny>
                    <orientation>horizontal</orientation>
                    <visible>Control.IsVisible(120) + !IsEmpty(Container(100).ListItem.Property(MPAA))</visible>
                    <control type="group">
                        <posx>0</posx>
                        <posy>0</posy>
                        <width>130</width>
                        <control type="image">
                            <include>TVRatingFlagLayout</include>
                            <texture>$INFO[Container(100).ListItem.Property(MPAA),flags/mpaa/tv/medium/,.png]</texture>
                        </control>
                    </control>
                    <control type="label">
                        <posx>0</posx>
                        <posy>0</posy>
                        <height>100</height>
                        <width min="0" max="702">auto</width>
                        <label>$INFO[Container(100).ListItem.Label]</label>
                        <font>Font-Condensed-S75</font>
                        <textcolor>aawhite</textcolor>
                        <align>left</align>
                        <scroll>false</scroll>
                    </control>
                </control>
                
                <!-- Title Label -->            
                <control type="label">
                    <posx>118</posx>
                    <posy>51</posy>
                    <width>832</width>
                    <height>100</height>
                    <label>$INFO[Container(100).ListItem.Label]</label>
                    <font>Font-Condensed-S75</font>
                    <textcolor>aawhite</textcolor>
                    <align>left</align>
                    <scroll>false</scroll>
                    <visible>!Control.IsVisible(140) + ![Control.IsVisible(120) + !IsEmpty(Container(100).ListItem.Property(MPAA))]</visible>
                </control>
    
                <!-- Title Label -->            
                <control type="label">
                    <posx>118</posx>
                    <posy>51</posy>
                    <width>832</width>
                    <height>100</height>
                    <label>$INFO[Container(100).ListItem.Property(TvShowTitle)]</label>
                    <font>Font-Condensed-S75</font>
                    <textcolor>aawhite</textcolor>
                    <align>left</align>
                    <scroll>false</scroll>
                    <visible>Control.IsVisible(140)</visible>
                </control>
            </control>
            
            <!-- Studio / Rating -->
            <control type="group">
                <animation effect="fade" start="0" end="100" time="300" tween="sine" delay="300" easing="in">WindowOpen</animation>
                <animation type="Conditional" condition="Player.HasMedia | Window.IsActive(busydialog) | Window.IsActive(volumebar) | Window.IsActive(infodialog) | Window.IsActive(extendedprogressdialog)">
                    <effect type="fade" start="100" end="8" tween="sine" easing="out" time="300" /> 
                    <effect type="zoom" start="100" end="50" center="1665,101" tween="sine" easing="inout" time="300" />
                </animation>
                <control type="image" id="9340">
                    <posx>1659</posx>
                    <posy>41</posy>
                    <width>161</width>
                    <aspectratio align="right" aligny="center">center</aspectratio>
                    <height>120</height>
                    <texture background="true" fallback=".">$INFO[Container(100).ListItem.Property(Studio),special://skin/extras/studioflags/,.png]</texture>
                    <colordiffuse>aawhite</colordiffuse>
                    <visible>!IsEmpty(Container(100).ListItem.Property(Studio))</visible>
                </control>
                <control type="label">
                    <posx>1820</posx>
                    <posy>51</posy>
                    <width>250</width>
                    <height>100</height>
                    <label>$INFO[Container(100).ListItem.Property(Rating),, ★]</label>
                    <font>Font-Condensed-S75</font>
                    <textcolor>aawhite</textcolor>
                    <align>right</align>
                    <scroll>false</scroll>
                    <visible>stringcompare(Control.GetLabel(9340),.)</visible>
                    <visible>!IsEmpty(Container(100).ListItem.Property(Rating))</visible>
                </control>
            </control>

            <control type="grouplist">
                <animation effect="fade" start="0" end="100" time="300" tween="sine" delay="300" easing="in">WindowOpen</animation>
                <animation type="Conditional" condition="Control.HasFocus(1110)">
                    <effect type="slide" start="0" end="510" time="400" delay="0" tween="sine" easing="inout" />
                </animation>
                <posx>65</posx>
                <posy>144</posy>
                <width>600</width>
                <height>60</height>
                <orientation>horizontal</orientation>
                <itemgap>20</itemgap>
                <usecontrolcoords>true</usecontrolcoords>
                <!-- Left Arrow Label -->
                <control type="label">
                    <posx>0</posx>
                    <posy>0</posy>
                    <width>45</width>
                    <height>60</height>
                    <label>←</label>
                    <font>Font-Condensed-S45</font>
                    <textcolor>eewhite</textcolor>
                    <align>left</align>
                    <scroll>false</scroll>
                    <include>visiblehidefadeinfo</include>
                    <animation effect="fade" start="100" end="0" tween="sine" easing="inout" time="300" condition="Control.HasFocus(1110)">Conditional</animation>
                </control>
                <!-- Info Label -->
                <control type="label">
                    <posx>-12</posx>
                    <posy>0</posy>
                    <width min="50" max="400">auto</width>
                    <height>60</height>
                    <label>$LOCALIZE[42131]</label>
                    <font>Font-Condensed-S45</font>
                    <textcolor>eewhite</textcolor>
                    <align>left</align>
                    <scroll>false</scroll>
                    <animation effect="fade" start="100" end="50" time="200" tween="sine" easing="inout" condition="Control.HasFocus(1110)">Conditional</animation>
                </control>
            </control>
            
            <!-- Info Stuff -->
            <control type="group">
                <include>FullscreenDimensions</include>
                <visible allowhiddenfocus="true">ControlGroup(9333).HasFocus | Control.HasFocus(1110) | Control.HasFocus(191) | Control.HasFocus(192) | Control.HasFocus(193) | Control.HasFocus(70)</visible>
                <include>listEndAnimation</include>
                <animation type="Conditional" condition="Control.HasFocus(1110)">
                    <effect type="slide" start="0" end="494" time="400" delay="0" tween="sine" easing="inout" />
                </animation>
                
                <!-- Shadow -->                
                <control type="image">
                    <description>Shadow</description>
                    <posx>57</posx>
                    <posy>900</posy>
                    <width>720</width>
                    <height>125</height>
                    <texture>windows/home/item-shadow.png</texture>
                </control>
                
                <!-- Panel -->
                <control type="image">
                    <posx>98</posx>
                    <posy>573</posy>
                    <width>638</width>
                    <height>335</height>
                    <texture border="3">views/list/panel/panel.png</texture>
                </control>
                
                <!-- Fanart / Thumb / Overlay -->
                <control type="group">
                    <posx>100</posx>
                    <posy>220</posy>
                    <control type="image">
                        <posx>0</posx>
                        <posy>0</posy>
                        <width>634</width>
                        <height>355</height>
                        <aspectratio>scale</aspectratio>
                        <texture background="true">$VAR[GlobalSearchInfoVideoArt]</texture>
                    </control>
                    <control type="image">
                        <posx>534</posx>
                        <posy>0</posy>
                        <width>100</width>
                        <height>100</height>
                        <texture>$VAR[GlobalSearchInfoVideoOverlay]</texture>
                    </control>
                </control>
                
                <control type="image">
                    <posx>100</posx>
                    <posy>576</posy>
                    <width>634</width>
                    <height>82</height>
                    <texture border="150,1,150,1">views/other/focus.png</texture>
                    <animation effect="slide" end="0,83" time="0" condition="[ControlGroup(9333).HasFocus(193) + Control.IsVisible(192)] | [ControlGroup(9333).HasFocus(191) + [[Control.IsVisible(192) + !Control.IsVisible(193)] | [!Control.IsVisible(192) + Control.IsVisible(193)]]]">Conditional</animation>
                    <animation effect="slide" end="0,166" time="0" condition="ControlGroup(9333).HasFocus(191) + Control.IsVisible(192) + Control.IsVisible(193)">Conditional</animation>
                    <animation effect="slide" start="0,-83" end="0,0" time="300" tween="back" easing="out" condition="IsEmpty(Window.Property(Movement)) + ControlGroup(9333).HasFocus(191)" reversible="false">Conditional</animation>
                    <animation effect="slide" start="0,83" end="0,0" time="300" tween="back" easing="out" condition="!IsEmpty(Window.Property(Movement)) + ControlGroup(9333).HasFocus(191)" reversible="false">Conditional</animation>
                    <animation effect="slide" start="0,-83" end="0,0" time="300" tween="back" easing="out" condition="IsEmpty(Window.Property(Movement)) + ControlGroup(9333).HasFocus(192)" reversible="false">Conditional</animation>
                    <animation effect="slide" start="0,83" end="0,0" time="300" tween="back" easing="out" condition="!IsEmpty(Window.Property(Movement)) + ControlGroup(9333).HasFocus(192)" reversible="false">Conditional</animation>
                    <animation effect="slide" start="0,-83" end="0,0" time="300" tween="back" easing="out" condition="IsEmpty(Window.Property(Movement)) + ControlGroup(9333).HasFocus(193)" reversible="false">Conditional</animation>
                    <animation effect="slide" start="0,83" end="0,0" time="300" tween="back" easing="out" condition="!IsEmpty(Window.Property(Movement)) + ControlGroup(9333).HasFocus(193)" reversible="false">Conditional</animation>
                    <animation effect="fade" start="100" end="0" time="300" tween="sine" easing="inout" condition="Control.HasFocus(1110) | Control.HasFocus(70)">Conditional</animation>
                </control>
                
                <control type="group" id="9333">
                    <posx>100</posx>
                    <posy>576</posy>
                    <width>634</width>
                    <height>332</height>
                    <control type="button" id="192">
                        <posx>0</posx>
                        <posy>0</posy>
                        <width>634</width>
                        <height>84</height>
                        <font>Font-Condensed-S40</font>
                        <align>left</align>
                        <textoffsetx>30</textoffsetx>
                        <textcolor>eewhite</textcolor>
                        <focusedcolor>eewhite</focusedcolor>
                        <disabledcolor>77white</disabledcolor>
                        <shadowcolor>33000000</shadowcolor>
                        <onleft condition="!Control.IsVisible(140)">1110</onleft>
                        <onleft condition="Control.IsVisible(140) + !Window.IsVisible(3008)">SetProperty(BounceLeft,1,Home)</onleft>
                        <onright>70</onright>
                        <onup>SetProperty(Movement,1)</onup>
                        <onup>191</onup>
                        <ondown>ClearProperty(Movement)</ondown>
                        <ondown>193</ondown>
                        <texturefocus border="90,3,90,3">views/list/other/separator.png</texturefocus>
                        <texturenofocus border="90,3,90,3">views/list/other/separator.png</texturenofocus>
                        <animation effect="fade" start="100" end="50" time="300" tween="sine" easing="inout" condition="!Control.HasFocus(192)">Conditional</animation>
                    </control>
                    <control type="button" id="193">
                        <posx>0</posx>
                        <posy>83</posy>
                        <width>634</width>
                        <height>84</height>
                        <font>Font-Condensed-S40</font>
                        <align>left</align>
                        <textoffsetx>30</textoffsetx>
                        <textcolor>eewhite</textcolor>
                        <focusedcolor>eewhite</focusedcolor>>
                        <disabledcolor>77white</disabledcolor>
                        <shadowcolor>33000000</shadowcolor>
                        <onleft condition="!Control.IsVisible(140)">1110</onleft>
                        <onleft condition="Control.IsVisible(140) + !Window.IsVisible(3008)">SetProperty(BounceLeft,1,Home)</onleft>
                        <onright>70</onright>
                        <onup>SetProperty(Movement,1)</onup>
                        <onup>192</onup>
                        <ondown>ClearProperty(Movement)</ondown>
                        <ondown>191</ondown>
                        <texturefocus border="90,3,90,3">views/list/other/separator.png</texturefocus>
                        <texturenofocus border="90,3,90,3">views/list/other/separator.png</texturenofocus>
                        <animation effect="fade" start="100" end="50" time="300" tween="sine" easing="inout" condition="!Control.HasFocus(193)">Conditional</animation>
                        <animation effect="slide" end="0,-83" time="0" condition="!Control.IsVisible(192)">Conditional</animation>
                    </control>
                    <control type="button" id="191">
                        <posx>0</posx>
                        <posy>166</posy>
                        <width>634</width>
                        <height>84</height>
                        <label>$LOCALIZE[42002]</label>
                        <font>Font-Condensed-S40</font>
                        <align>left</align>
                        <textoffsetx>30</textoffsetx>
                        <textcolor>eewhite</textcolor>
                        <focusedcolor>eewhite</focusedcolor>
                        <disabledcolor>77white</disabledcolor>
                        <shadowcolor>33000000</shadowcolor>
                        <onleft condition="!Control.IsVisible(140)">1110</onleft>
                        <onleft condition="Control.IsVisible(140) + !Window.IsVisible(3008)">SetProperty(BounceLeft,1,Home)</onleft>
                        <onright>70</onright>
                        <onup>SetProperty(Movement,1)</onup>
                        <onup>193</onup>
                        <ondown>ClearProperty(Movement)</ondown>
                        <ondown>192</ondown>
                        <texturefocus border="90,3,90,3">views/list/other/separator.png</texturefocus>
                        <texturenofocus border="90,3,90,3">views/list/other/separator.png</texturenofocus>
                        <animation effect="fade" start="100" end="50" time="300" tween="sine" easing="inout" condition="!Control.HasFocus(191)">Conditional</animation>
                        <animation effect="slide" end="0,-83" time="0" condition="!Control.IsVisible(192)">Conditional</animation>
                        <animation effect="slide" end="0,-83" time="0" condition="!Control.IsVisible(193)">Conditional</animation>
                    </control>
                </control>
                
                <!-- Info -->
                <control type="grouplist">
                    <description>Movie/Tv Show/Season/Episode Info</description>
                    <animation effect="fade" start="0" end="100" time="300" tween="sine" delay="300" easing="in">WindowOpen</animation>
                    <posx>760</posx>
                    <posy>245</posy>
                    <width>1054</width>
                    <height>700</height>
                    <orientation>vertical</orientation>
                    <visible>Control.IsVisible(110) | Control.IsVisible(120) | Control.IsVisible(130) | Control.IsVisible(140) | Control.IsVisible(150)</visible>
                    <control type="group">
                        <width>950</width>
                        <height>70</height>
                        <visible>!Control.IsVisible(140)</visible>
                        <control type="label">
                            <posx>10</posx>
                            <posy>0</posy>
                            <width>1044</width>
                            <height>45</height>
                            <font>Font-Condensed-S45</font>
                            <align>left</align>
                            <label>$VAR[GlobalSearchInfoTitleLabel]</label>
                            <textcolor>eewhite</textcolor>
                            <scroll>false</scroll>
                        </control>
                    </control>
                    <control type="group">
                        <width>950</width>
                        <height>70</height>
                        <visible>Control.IsVisible(140)</visible>
                        <control type="label">
                            <posx>10</posx>
                            <posy>0</posy>
                            <width>1044</width>
                            <height>45</height>
                            <font>Font-Condensed-S45</font>
                            <align>left</align>
                            <label>$INFO[Container(100).ListItem.Property(Season),,x]$INFO[Container(100).ListItem.Property(Episode),,. ]$INFO[Container(100).ListItem.Label]</label>
                            <textcolor>eewhite</textcolor>
                            <scroll>false</scroll>
                        </control>
                    </control>
                    <control type="group">
                        <width>950</width>
                        <height>40</height>
                        <visible>!Control.IsVisible(120) + !Control.IsVisible(140) + ![IsEmpty(Container(100).ListItem.Property(Year)) + IsEmpty(Container(100).ListItem.Property(Duration)) + IsEmpty(Container(100).ListItem.Property(Rating))]</visible>
                        <control type="label">
                            <posx>8</posx>
                            <posy>0</posy>
                            <width>1044</width>
                            <height>36</height>
                            <font>Font-Condensed-S34</font>
                            <align>left</align>
                            <label>$INFO[Container(100).ListItem.Property(Year),, • ]$INFO[Container(100).ListItem.Property(Duration),, $LOCALIZE[12391]]$INFO[Container(100).ListItem.Property(Rating), • ★ ,]</label>
                            <textcolor>aawhite</textcolor>
                            <scroll>false</scroll>
                        </control>
                    </control>
                    <control type="group">
                        <width>950</width>
                        <height>40</height>
                        <visible>Control.IsVisible(140) + !IsEmpty(Container(100).ListItem.Property(Duration))</visible>
                        <control type="label">
                            <posx>8</posx>
                            <posy>0</posy>
                            <width>1044</width>
                            <height>36</height>
                            <font>Font-Condensed-S34</font>
                            <align>left</align>
                            <label>$INFO[Container(100).ListItem.Property(Duration),, $LOCALIZE[12391]]</label>
                            <textcolor>aawhite</textcolor>
                            <scroll>false</scroll>
                        </control>
                    </control>
                    <control type="group">
                        <width>950</width>
                        <height>40</height>
                        <visible>[Control.IsVisible(120) | Control.IsVisible(140)] + !IsEmpty(Container(100).ListItem.Property(Premiered))</visible>
                        <control type="label">
                            <posx>8</posx>
                            <posy>0</posy>
                            <width>1044</width>
                            <height>36</height>
                            <font>Font-Condensed-S34</font>
                            <align>left</align>
                            <label>$INFO[Container(100).ListItem.Property(Premiered),$LOCALIZE[41314],]</label>
                            <textcolor>aawhite</textcolor>
                            <scroll>false</scroll>
                        </control>
                    </control>
                    <control type="group">
                        <width>950</width>
                        <height>40</height>
                        <visible>[Control.IsVisible(120) | Control.IsVisible(150)] + !IsEmpty(Container(100).ListItem.Property(Studio))</visible>
                        <control type="label">
                            <posx>8</posx>
                            <posy>0</posy>
                            <width>1044</width>
                            <height>36</height>
                            <font>Font-Condensed-S34</font>
                            <align>left</align>
                            <label>$INFO[Container(100).ListItem.Property(Studio)]</label>
                            <textcolor>aawhite</textcolor>
                            <scroll>false</scroll>
                        </control>
                    </control>
                    <control type="group">
                        <width>950</width>
                        <height>40</height>
                        <visible>!Control.IsVisible(130) + !Control.IsVisible(140) + !IsEmpty(Container(100).ListItem.Property(Genre))</visible>
                        <control type="image">
                            <posx>0</posx>
                            <posy>-6</posy>
                            <width>49</width>
                            <height>49</height>
                            <texture>views/other/genre-icon.png</texture>
                        </control>
                        <control type="label">
                            <posx>50</posx>
                            <posy>0</posy>
                            <width>1002</width>
                            <height>36</height>
                            <font>Font-Condensed-S34</font>
                            <align>left</align>
                            <label>$INFO[Container(100).ListItem.Property(Genre)]</label>
                            <textcolor>aawhite</textcolor>
                            <scroll>false</scroll>
                        </control>
                    </control>
                    <control type="group">
                        <!-- Director -->
                        <width>950</width>
                        <height>40</height>
                        <visible>!Control.IsVisible(120) + !Control.IsVisible(130) + !IsEmpty(Container(100).ListItem.Property(Director))</visible>
                        <control type="image">
                            <posx>0</posx>
                            <posy>-6</posy>
                            <width>49</width>
                            <height>49</height>
                            <texture>views/other/director-icon.png</texture>
                        </control>
                        <control type="label">
                            <posx>50</posx>
                            <posy>0</posy>
                            <width>1002</width>
                            <height>36</height>
                            <font>Font-Condensed-S34</font>
                            <align>left</align>
                            <label>$INFO[Container(100).ListItem.Property(Director)]</label>
                            <textcolor>aawhite</textcolor>
                            <scroll>false</scroll>
                        </control>
                    </control>
                    <control type="group">
                        <!-- Writer -->
                        <width>950</width>
                        <height>59</height>
                        <visible>!Control.IsVisible(120) + !Control.IsVisible(130) + !Control.IsVisible(150) + !IsEmpty(Container(100).ListItem.Property(Writer))</visible>
                        <control type="image">
                            <posx>0</posx>
                            <posy>-5</posy>
                            <width>49</width>
                            <height>49</height>
                            <texture>views/other/writer-icon.png</texture>
                        </control>
                        <control type="label">
                            <posx>50</posx>
                            <posy>0</posy>
                            <width>1002</width>
                            <height>36</height>
                            <font>Font-Condensed-S34</font>
                            <align>left</align>
                            <label>$INFO[Container(100).ListItem.Property(Writer)]</label>
                            <textcolor>aawhite</textcolor>
                            <scroll>false</scroll>
                        </control>
                    </control>
                </control>
                                
                <!-- Flags -->
                <control type="grouplist">
                    <posx>760</posx>
                    <posy>519</posy>
                    <width>783</width>
                    <height>60</height>
                    <align>left</align>
                    <itemgap>-9</itemgap>
                    <orientation>horizontal</orientation>
                    <visible>Control.IsVisible(110) | Control.IsVisible(140) | Control.IsVisible(150)</visible>
                    <animation effect="fade" start="0" end="100" time="300" tween="sine" delay="300" easing="in">WindowOpen</animation>
                    <animation effect="fade" start="0" end="100" time="300" tween="sine" delay="500" easing="in">Visible</animation>
                    <animation effect="fade" start="100" end="0" time="300" tween="sine" delay="500" easing="out">Hidden</animation>
                    <control type="image">
                        <posx>0</posx>
                        <posy>0</posy>
                        <width>77</width>
                        <height>56</height>
                        <texture>flags/other/3d-info.png</texture>
                        <include>visiblehidefadeflags</include>
                        <visible>substring(Container(100).ListItem.Property(Path),.3D.) | substring(Container(100).ListItem.Property(Path),-3D.)</visible>
                    </control>
                    <control type="image">
                        <include>ResDimensionsSmall</include>
                        <texture>$INFO[Container(100).ListItem.Property(VideoResolution),flags/res/,.png]</texture>
                        <include>visiblehidefadeflags</include>
                        <visible>!IsEmpty(Container(100).ListItem.Property(VideoResolution))</visible>
                    </control>
                    <control type="image">
                        <include>AspectDimensionsSmall</include>
                        <texture>$INFO[Container(100).ListItem.Property(VideoAspect),flags/aspectratio/,.png]</texture>
                        <include>visiblehidefadeflags</include>
                        <visible>!IsEmpty(Container(100).ListItem.Property(VideoAspect))</visible>
                    </control>
                    <control type="group">
                        <width>121</width>
                        <visible>!IsEmpty(Container(100).ListItem.Property(VideoCodec))</visible>
                        <control type="image">
                            <include>vCodecDimensionsSmall</include>
                            <texture>$INFO[Container(100).ListItem.Property(VideoCodec),flags/video/,.png]</texture>
                            <visible>![substring(Container(100).ListItem.Property(VideoCodec),divx) | substring(Container(100).ListItem.Property(VideoCodec),div3) | substring(Container(100).ListItem.Property(VideoCodec),div4) | substring(Container(100).ListItem.Property(VideoCodec),div5) | substring(Container(100).ListItem.Property(VideoCodec),dx50)]</visible>
                            <include>visiblehidefadeflags</include>
                        </control> 
                        <control type="image">
                            <include>vCodecDimensionsSmall</include>
                            <texture>flags/video/divx.png</texture>
                            <visible>substring(Container(100).ListItem.Property(VideoCodec),divx) | substring(Container(100).ListItem.Property(VideoCodec),div3) | substring(Container(100).ListItem.Property(VideoCodec),div4) | substring(Container(100).ListItem.Property(VideoCodec),div5) | substring(Container(100).ListItem.Property(VideoCodec),dx50)</visible>
                            <include>visiblehidefadeflags</include>
                        </control>
                    </control>
                    <control type="image">
                        <include>aCodecDimensionsSmall</include>
                        <texture>$INFO[Container(100).ListItem.Property(AudioCodec),flags/audio/,.png]</texture>
                        <include>visiblehidefadeflags</include>
                        <visible>!IsEmpty(Container(100).ListItem.Property(AudioCodec))</visible>
                    </control>
                    <control type="group">
                        <width>121</width>
                        <visible>Control.IsVisible(110) + !IsEmpty(Container(100).ListItem.Property(MPAA))</visible>
                        <control type="image">
                            <description>Language independent rating</description>
                            <include>MPAADimensionsSmall</include>
                            <texture>$VAR[MovieMPAAVar,flags/mpaa/movie/,.png]</texture>
                        </control>
                    </control>
                </control>
                
                <!-- Plot -->
                <control type="group">
                    <animation effect="fade" start="0" end="100" time="300" tween="sine" delay="300" easing="in">WindowOpen</animation>
                    <animation effect="fade" start="0" end="100" time="300" tween="sine" delay="500" easing="in">Visible</animation>
                    <animation effect="fade" start="100" end="0" time="300" tween="sine" delay="500" easing="out">Hidden</animation>
                    <posx>770</posx>
                    <posy>590</posy>
                    <width>1045</width>
                    <height>60</height>
                    <control type="textbox">
                        <posx>0</posx>
                        <posy>0</posy>
                        <width>1045</width>
                        <height>270</height>
                        <label>$INFO[Container(100).ListItem.Property(Plot)]</label>
                        <textcolor>bbwhite</textcolor>
                        <align>justify</align>
                        <font>Font-Condensed-S40</font>
                        <autoscroll time="2000" delay="10000" repeat="10000">!Control.HasFocus(70) + !Skin.HasSetting(AutoScroll.Disable)</autoscroll>
                        <pagecontrol>70</pagecontrol>
                    </control>
                    <!-- Scrollbar -->
                    <control type="image">
                        <description>Scrollbar background</description>
                        <posx>1065</posx>
                        <posy>15</posy>
                        <width>6</width>
                        <height>244</height>
                        <texture border="1">views/other/scrollbar-sq.png</texture>
                        <visible>Control.IsVisible(70)</visible>
                        <animation effect="fade" start="25" end="10" time="300" tween="sine" easing="inout" condition="!Control.HasFocus(70)">Conditional</animation>
                    </control>
                    <control type="scrollbar" id="70">
                        <description>Scrollbar</description>
                        <posx>1065</posx>
                        <posy>15</posy>
                        <width>6</width>
                        <height>244</height>
                        <onup>70</onup>
                        <ondown>70</ondown>                  
                        <onleft>9333</onleft>
                        <onright condition="!Window.IsVisible(3009)">SetProperty(BounceRight,1,Home)</onright>
                        <texturesliderbar border="1">views/other/scrollbar-sq.png</texturesliderbar>
                        <texturesliderbarfocus border="1">views/other/scrollbar-sq.png</texturesliderbarfocus>
                        <orientation>vertical</orientation>
                        <showonepage>false</showonepage>
                        <animation effect="fade" start="80" end="35" time="300" tween="sine" easing="inout" condition="!Control.HasFocus(70)">Conditional</animation>
                        <visible>!IsEmpty(Container(100).ListItem.Property(Plot))</visible>
                    </control>
                </control>      
            </control>
            
            <control type="group">
                <visible>Control.HasFocus(1110)</visible>
                <animation type="Visible">
                    <effect type="fade" start="50" end="100" time="400"  tween="sine" easing="inout" />
                    <effect type="slide" start="-650" end="0" time="400" tween="sine" easing="inout" />
                </animation>
                <animation type="Hidden">
                    <effect type="slide" start="0" end="-650" time="400" tween="sine" easing="inout" />
                </animation>
                <control type="label">
                    <posx>118</posx>
                    <posy>144</posy>
                    <width>200</width>
                    <height>60</height>
                    <label>$LOCALIZE[21371]</label>
                    <font>Font-Condensed-S45</font>
                    <textcolor>eewhite</textcolor>
                    <align>left</align>
                    <scroll>false</scroll>
                </control>
                <control type="image">
                    <description>Cover</description>
                    <posx>100</posx>
                    <posy>220</posy>
                    <width>458</width>
                    <height>687</height>
                    <texture background="true">$VAR[GlobalSearchInfoVideoThumb]</texture>
                    <include>listEndAnimation</include>
                    <aspectratio>scale</aspectratio>
                </control>
                <control type="image">
                    <description>Shadow</description>
                    <posx>57</posx>
                    <posy>900</posy>
                    <width>544</width>
                    <height>125</height>
                    <texture>windows/home/item-shadow.png</texture>
                </control>
            </control>            
        </control>
    </include>
    
    <include name="GlobalSearchInfoAudio">
        <control type="group">
            <posx>0</posx>
            <posy>0</posy>
            <width>1920</width>
            <height>1080</height>
            <animation type="WindowOpen">
                <effect type="fade" start="15" end="100" time="200" tween="sine" delay="300" easing="in" />
                <effect type="zoom" start="335,125,1440,810" end="0,0,1920,1080" time="300" delay="300" tween="cubic" easing="out" />
            </animation>
            <animation type="WindowClose">
                <effect type="fade" start="100" end="0" time="300" tween="sine" easing="out" />
                <effect type="zoom" start="0,0,1920,1080" end="335,125,1440,810" time="300" tween="cubic" easing="out" />
            </animation>
            
            <!-- Artist Label -->           
            <control type="label">
                <animation effect="fade" start="0" end="100" time="300" tween="sine" delay="150" easing="in">WindowOpen</animation>
                <posx>118</posx>
                <posy>51</posy>
                <width>1375</width>
                <height>100</height>
                <label>$INFO[Container(100).ListItem.Label]</label>
                <font>Font-Condensed-S75</font>
                <textcolor>aawhite</textcolor>
                <align>left</align>
                <scroll>false</scroll>
                <visible>Control.IsVisible(160) + !Player.HasMedia + !Window.IsActive(infodialog) + !Window.IsActive(extendedprogressdialog)</visible>
                <include>visiblehidefadeinfo</include>
            </control>
            <control type="label">
                <animation effect="fade" start="0" end="100" time="300" tween="sine" delay="150" easing="in">WindowOpen</animation>
                <posx>118</posx>
                <posy>51</posy>
                <width>832</width>
                <height>100</height>
                <label>$INFO[Container(100).ListItem.Label]</label>
                <font>Font-Condensed-S75</font>
                <textcolor>aawhite</textcolor>
                <align>left</align>
                <scroll>false</scroll>
                <visible>Control.IsVisible(160) + [Player.HasMedia | Window.IsActive(infodialog) | Window.IsActive(extendedprogressdialog)]</visible>
                <include>visiblehidefadeinfo</include>
            </control>
            
            <!-- Album / Song Label -->            
            <control type="label">
                <animation effect="fade" start="0" end="100" time="300" tween="sine" delay="150" easing="in">WindowOpen</animation>
                <posx>118</posx>
                <posy>51</posy>
                <width>1375</width>
                <height>100</height>
                <label>$INFO[Container(100).ListItem.Label]</label>
                <font>Font-Condensed-S75</font>
                <textcolor>aawhite</textcolor>
                <align>left</align>
                <scroll>false</scroll>
                <visible>[Control.IsVisible(170) | Control.IsVisible(180)] + !Player.HasMedia + !Window.IsActive(infodialog) + !Window.IsActive(extendedprogressdialog)</visible>
                <include>visiblehidefadeinfo</include>
            </control>
            <control type="label">
                <animation effect="fade" start="0" end="100" time="300" tween="sine" delay="150" easing="in">WindowOpen</animation>
                <posx>118</posx>
                <posy>51</posy>
                <width>832</width>
                <height>100</height>
                <label>$INFO[Container(100).ListItem.Label]</label>
                <font>Font-Condensed-S75</font>
                <textcolor>aawhite</textcolor>
                <align>left</align>
                <scroll>false</scroll>
                <visible>[Control.IsVisible(170) | Control.IsVisible(180)] + [Player.HasMedia | Window.IsActive(infodialog) | Window.IsActive(extendedprogressdialog)]</visible>
                <include>visiblehidefadeinfo</include>
            </control>
            
            <!-- Rating -->
            <control type="image">
                <animation effect="fade" start="0" end="100" time="300" tween="sine" delay="150" easing="in">WindowOpen</animation>
                <posx>1495</posx>
                <posy>42</posy>
                <width>350</width>
                <height>120</height>
                <texture>$INFO[Container(100).ListItem.Property(Album_Rating),dialogs/music-info/rating,.png]</texture>
                <visible>Control.IsVisible(170)</visible>
                <animation type="Conditional" condition="Player.HasMedia | Window.IsActive(busydialog) | Window.IsActive(volumebar) | Window.IsActive(infodialog) | Window.IsActive(extendedprogressdialog)">
                    <effect type="fade" start="100" end="8" tween="sine" easing="out" time="300" /> 
                    <effect type="zoom" start="100" end="50" center="1670,99" tween="sine" easing="inout" time="300" />
                </animation>
            </control>
            <control type="image">
                <animation effect="fade" start="0" end="100" time="300" tween="sine" delay="150" easing="in">WindowOpen</animation>
                <posx>1495</posx>
                <posy>42</posy>
                <width>350</width>
                <height>120</height>
                <texture>$INFO[Container(100).ListItem.Property(Rating),dialogs/music-info/rating,.png]</texture>
                <visible>Control.IsVisible(180)</visible>
                <animation type="Conditional" condition="Player.HasMedia | Window.IsActive(busydialog) | Window.IsActive(volumebar) | Window.IsActive(infodialog) | Window.IsActive(extendedprogressdialog)">
                    <effect type="fade" start="100" end="8" tween="sine" easing="out" time="300" /> 
                    <effect type="zoom" start="100" end="50" center="1670,99" tween="sine" easing="inout" time="300" />
                </animation>
            </control>
            
            <control type="grouplist">
                <animation effect="fade" start="0" end="100" time="300" tween="sine" delay="150" easing="in">WindowOpen</animation>
                <posx>118</posx>
                <posy>144</posy>
                <width>600</width>
                <orientation>horizontal</orientation>
                <itemgap>20</itemgap>
                <control type="label">
                    <posx>118</posx>
                    <posy>0</posy>
                    <width min="50" max="400">auto</width>
                    <height>60</height>
                    <label>$LOCALIZE[42131]</label>
                    <font>Font-Condensed-S45</font>
                    <textcolor>eewhite</textcolor>
                    <align>left</align>
                    <scroll>false</scroll>
                </control>
            </control>
            
            <!-- Info Stuff -->
            <control type="group">
                <include>FullscreenDimensions</include>
                <include>listEndAnimation</include>
                
                <!-- Shadow -->                
                <control type="image">
                    <description>Shadow</description>
                    <posx>57</posx>
                    <posy>900</posy>
                    <width>526</width>
                    <height>125</height>
                    <texture>windows/home/item-shadow.png</texture>
                </control>
                
                <!-- Panel -->
                <control type="image">
                    <posx>98</posx>
                    <posy>658</posy>
                    <width>444</width>
                    <height>250</height>
                    <texture border="3">views/list/panel/panel.png</texture>
                </control>
                
                <!-- Artist/Album/Song Thumb -->
                <control type="image">
                    <posx>100</posx>
                    <posy>220</posy>
                    <width>440</width>
                    <height>440</height>
                    <aspectratio>stretch</aspectratio>
                    <texture background="true">$VAR[GlobalSearchInfoAudioArt]</texture>
                </control>
                
                <control type="image">
                    <posx>100</posx>
                    <posy>661</posy>
                    <width>440</width>
                    <height>81</height>
                    <texture border="150,1,150,1">views/other/focus.png</texture>
                    <animation effect="slide" end="0,82" time="0" condition="[ControlGroup(9333).HasFocus(193) + Control.IsVisible(192)] | [ControlGroup(9333).HasFocus(191) + [[Control.IsVisible(192) + !Control.IsVisible(193)] | [!Control.IsVisible(192) + Control.IsVisible(193)]]]">Conditional</animation>
                    <animation effect="slide" end="0,164" time="0" condition="ControlGroup(9333).HasFocus(191) + Control.IsVisible(192) + Control.IsVisible(193)">Conditional</animation>
                    <animation effect="slide" start="0,-82" end="0,0" time="300" tween="back" easing="out" condition="IsEmpty(Window.Property(Movement)) + ControlGroup(9333).HasFocus(191)" reversible="false">Conditional</animation>
                    <animation effect="slide" start="0,82" end="0,0" time="300" tween="back" easing="out" condition="!IsEmpty(Window.Property(Movement)) + ControlGroup(9333).HasFocus(191)" reversible="false">Conditional</animation>
                    <animation effect="slide" start="0,-82" end="0,0" time="300" tween="back" easing="out" condition="IsEmpty(Window.Property(Movement)) + ControlGroup(9333).HasFocus(192)" reversible="false">Conditional</animation>
                    <animation effect="slide" start="0,82" end="0,0" time="300" tween="back" easing="out" condition="!IsEmpty(Window.Property(Movement)) + ControlGroup(9333).HasFocus(192)" reversible="false">Conditional</animation>
                    <animation effect="slide" start="0,-82" end="0,0" time="300" tween="back" easing="out" condition="IsEmpty(Window.Property(Movement)) + ControlGroup(9333).HasFocus(193)" reversible="false">Conditional</animation>
                    <animation effect="slide" start="0,82" end="0,0" time="300" tween="back" easing="out" condition="!IsEmpty(Window.Property(Movement)) + ControlGroup(9333).HasFocus(193)" reversible="false">Conditional</animation>
                    <animation effect="fade" start="100" end="0" time="300" tween="sine" easing="inout" condition="Control.HasFocus(1110)">Conditional</animation>
                </control>
                
                <control type="group" id="9333">
                    <posx>100</posx>
                    <posy>661</posy>
                    <width>440</width>
                    <height>249</height>
                    <control type="button" id="192">
                        <posx>0</posx>
                        <posy>0</posy>
                        <width>440</width>
                        <height>83</height>
                        <font>Font-Condensed-S40</font>
                        <align>left</align>
                        <textoffsetx>30</textoffsetx>
                        <textcolor>77white</textcolor>
                        <selectedcolor>eewhite</selectedcolor>
                        <disabledcolor>77white</disabledcolor>
                        <shadowcolor>33000000</shadowcolor>
                        <onleft condition="!Window.IsVisible(3008)">SetProperty(BounceLeft,1,Home)</onleft>
                        <onright condition="!Window.IsVisible(3009)">SetProperty(BounceRight,1,Home)</onright>
                        <onup>SetProperty(Movement,1)</onup>
                        <onup>191</onup>
                        <ondown>ClearProperty(Movement)</ondown>
                        <ondown>193</ondown>
                        <texturefocus border="90,3,90,3">views/list/other/separator.png</texturefocus>
                        <texturenofocus border="90,3,90,3">views/list/other/separator.png</texturenofocus>
                        <animation effect="fade" start="50" end="100" time="300" tween="sine" easing="inout" reversible="false">Focus</animation>
                    </control>
                    <control type="button" id="193">
                        <posx>0</posx>
                        <posy>82</posy>
                        <width>440</width>
                        <height>83</height>
                        <font>Font-Condensed-S40</font>
                        <align>left</align>
                        <textoffsetx>30</textoffsetx>
                        <textcolor>77white</textcolor>
                        <selectedcolor>eewhite</selectedcolor>
                        <disabledcolor>77white</disabledcolor>
                        <shadowcolor>33000000</shadowcolor>
                        <onleft condition="!Window.IsVisible(3008)">SetProperty(BounceLeft,1,Home)</onleft>
                        <onright condition="!Window.IsVisible(3009)">SetProperty(BounceRight,1,Home)</onright>
                        <onup>SetProperty(Movement,1)</onup>
                        <onup>192</onup>
                        <ondown>ClearProperty(Movement)</ondown>
                        <ondown>191</ondown>
                        <texturefocus border="90,3,90,3">views/list/other/separator.png</texturefocus>
                        <texturenofocus border="90,3,90,3">views/list/other/separator.png</texturenofocus>
                        <animation effect="fade" start="50" end="100" time="300" tween="sine" easing="inout" reversible="false">Focus</animation>
                        <animation effect="slide" end="0,-83" time="0" condition="!Control.IsVisible(192)">Conditional</animation>
                    </control>
                    <control type="button" id="191">
                        <posx>0</posx>
                        <posy>164</posy>
                        <width>440</width>
                        <height>83</height>
                        <label>$LOCALIZE[42002]</label>
                        <font>Font-Condensed-S40</font>
                        <align>left</align>
                        <textoffsetx>30</textoffsetx>
                        <textcolor>77white</textcolor>
                        <selectedcolor>eewhite</selectedcolor>
                        <disabledcolor>77white</disabledcolor>
                        <shadowcolor>33000000</shadowcolor>
                        <onleft condition="!Window.IsVisible(3008)">SetProperty(BounceLeft,1,Home)</onleft>
                        <onright condition="!Window.IsVisible(3009)">SetProperty(BounceRight,1,Home)</onright>
                        <onup>SetProperty(Movement,1)</onup>
                        <onup>193</onup>
                        <ondown>ClearProperty(Movement)</ondown>
                        <ondown>192</ondown>
                        <texturefocus border="90,3,90,3">views/list/other/separator.png</texturefocus>
                        <texturenofocus border="90,3,90,3">views/list/other/separator.png</texturenofocus>
                        <animation effect="fade" start="50" end="100" time="300" tween="sine" easing="inout" reversible="false">Focus</animation>
                        <animation effect="slide" end="0,-83" time="0" condition="!Control.IsVisible(192)">Conditional</animation>
                        <animation effect="slide" end="0,-83" time="0" condition="!Control.IsVisible(193)">Conditional</animation>
                    </control>
                </control>
                                
                <!-- Info -->
                <control type="group">
                    <animation effect="fade" start="0" end="100" time="300" tween="sine" delay="150" easing="in">WindowOpen</animation>
                    <animation effect="fade" start="0" end="100" time="300" tween="sine" delay="500" easing="in">Visible</animation>
                    <animation effect="fade" start="100" end="0" time="300" tween="sine" delay="500" easing="out">Hidden</animation>
                    <posx>575</posx>
                    <posy>265</posy>
                    <width>1240</width>
                    <height>700</height>
                    <control type="group">
                        <visible>Control.IsVisible(160)</visible>
                        <control type="grouplist">
                            <!-- Artist -->
                            <width>1240</width>
                            <height>50</height>
                            <orientation>horizontal</orientation>
                            <control type="label">
                                <width>190</width>
                                <font>Font-Condensed-S34</font>
                                <align>left</align>
                                <label>[B]$LOCALIZE[557]:[/B]</label>
                                <textcolor>aawhite</textcolor>
                                <scroll>false</scroll>
                            </control>
                            <control type="label">
                                <width>1050</width>
                                <font>Font-Condensed-S34</font>
                                <align>left</align>
                                <label fallback="416">$INFO[Container(100).ListItem.Label]</label>
                                <textcolor>aawhite</textcolor>
                                <scroll>false</scroll>
                            </control>
                        </control>
                        <control type="grouplist">
                            <!-- Born -->
                            <visible>!IsEmpty(Container(100).ListItem.Property(Artist_Born))</visible>
                            <width>1240</width>
                            <height>50</height>
                            <posy>50</posy>
                            <orientation>horizontal</orientation>
                            <control type="label">
                                <posx>0</posx>
                                <posy>0</posy>
                                <width>190</width>
                                <font>Font-Condensed-S34</font>
                                <align>left</align>
                                <label>[B]$LOCALIZE[21893]:[/B]</label>
                                <textcolor>aawhite</textcolor>
                                <scroll>false</scroll>
                            </control>
                            <control type="label">
                                <posx>110</posx>
                                <posy>0</posy>
                                <width>1050</width>
                                <font>Font-Condensed-S34</font>
                                <align>left</align>
                                <label fallback="416">$INFO[Container(100).ListItem.Property(Artist_Born)]</label>
                                <textcolor>aawhite</textcolor>
                                <scroll>false</scroll>
                            </control>
                        </control>
                        <control type="grouplist">
                            <!-- Formed -->
                            <visible>IsEmpty(Container(100).ListItem.Property(Artist_Born))</visible>
                            <width>1240</width>
                            <height>50</height>
                            <posy>50</posy>
                            <orientation>horizontal</orientation>
                            <control type="label">
                                <posx>0</posx>
                                <posy>0</posy>
                                <width>190</width>
                                <font>Font-Condensed-S34</font>
                                <align>left</align>
                                <label>[B]$LOCALIZE[21894]:[/B]</label>
                                <textcolor>aawhite</textcolor>
                                <scroll>false</scroll>
                            </control>
                            <control type="label">
                                <posx>110</posx>
                                <posy>0</posy>
                                <width>1050</width>
                                <font>Font-Condensed-S34</font>
                                <align>left</align>
                                <label fallback="416">$INFO[Container(100).ListItem.Property(Artist_Formed)]</label>
                                <textcolor>aawhite</textcolor>
                                <scroll>false</scroll>
                            </control>
                        </control>
                        <control type="grouplist">
                            <!-- Genre -->
                            <width>1240</width>
                            <height>50</height>
                            <posy>150</posy>
                            <orientation>horizontal</orientation>
                            <control type="label">
                                <width>190</width>
                                <font>Font-Condensed-S34</font>
                                <align>left</align>
                                <label>[B]$LOCALIZE[515]:[/B]</label>
                                <textcolor>aawhite</textcolor>
                                <scroll>false</scroll>
                            </control>
                            <control type="label">
                                <width>1050</width>
                                <font>Font-Condensed-S34</font>
                                <align>left</align>
                                <label fallback="416">$INFO[Container(100).ListItem.Property(Artist_Genre)]</label>
                                <textcolor>aawhite</textcolor>
                                <scroll>no</scroll>
                            </control>
                        </control>
                        <control type="grouplist">
                            <!-- Style -->
                            <width>1240</width>
                            <height>50</height>
                            <posy>100</posy>
                            <orientation>horizontal</orientation>
                            <control type="label">
                                <width>190</width>
                                <font>Font-Condensed-S34</font>
                                <align>left</align>
                                <label>[B]$LOCALIZE[176]:[/B]</label>
                                <textcolor>aawhite</textcolor>
                                <scroll>false</scroll>
                            </control>
                            <control type="label">
                                <width>1050</width>
                                <font>Font-Condensed-S34</font>
                                <align>left</align>
                                <label fallback="416">$INFO[Container(100).ListItem.Property(Artist_Style)]</label>
                                <textcolor>aawhite</textcolor>
                                <scroll>false</scroll>
                            </control>
                        </control>
                        <control type="group">
                            <!-- Biography -->
                            <width>1240</width>
                            <height>50</height>
                            <posy>225</posy>
                            <orientation>horizontal</orientation>
                            <control type="label">
                                <posy>0</posy>
                                <width>1240</width>
                                <font>Font-Condensed-S34</font>
                                <align>left</align>
                                <label>[B]$LOCALIZE[21887][/B]</label>
                                <textcolor>aawhite</textcolor>
                                <scroll>false</scroll>
                            </control>
                            <control type="textbox">
                                <description>Description</description>
                                <posx>0</posx>
                                <posy>50</posy>
                                <width>1240</width>
                                <height>330</height>
                                <font>Font-Condensed-S40</font>
                                <align>justify</align>
                                <textcolor>bbwhite</textcolor>
                                <label>$INFO[Container(100).ListItem.Property(Artist_Description)]</label>
                                <autoscroll time="2000" delay="10000" repeat="10000">!Skin.HasSetting(AutoScroll.Disable)</autoscroll>
                                <visible>!IsEmpty(Container(100).ListItem.Property(Artist_Description))</visible>
                            </control>
                            <control type="label">
                                <posx>0</posx>
                                <posy>50</posy>
                                <width>1240</width>
                                <font>Font-Condensed-S40</font>
                                <align>left</align>
                                <label>$LOCALIZE[547]</label>
                                <textcolor>bbwhite</textcolor>
                                <scroll>false</scroll>
                                <visible>IsEmpty(Container(100).ListItem.Property(Artist_Description))</visible>
                            </control>
                        </control>
                    </control>
                    <control type="group">
                        <visible>Control.IsVisible(170)</visible>
                        <control type="grouplist">
                            <!-- Album title -->
                            <width>1240</width>
                            <height>50</height>
                            <orientation>horizontal</orientation>
                            <control type="label">
                                <width>190</width>
                                <font>Font-Condensed-S34</font>
                                <align>left</align>
                                <label>[B]$LOCALIZE[558]:[/B]</label>
                                <textcolor>aawhite</textcolor>
                                <scroll>false</scroll>
                            </control>
                            <control type="label">
                                <width>1050</width>
                                <font>Font-Condensed-S34</font>
                                <align>left</align>
                                <label fallback="416">$INFO[Container(100).ListItem.Label]</label>
                                <textcolor>aawhite</textcolor>
                                <scroll>false</scroll>
                            </control>
                        </control>
                        <control type="grouplist">
                            <!-- Author -->
                            <width>1240</width>
                            <height>50</height>
                            <posy>50</posy>
                            <orientation>horizontal</orientation>
                            <control type="label">
                                <posx>0</posx>
                                <posy>0</posy>
                                <width>190</width>
                                <font>Font-Condensed-S34</font>
                                <align>left</align>
                                <label>[B]$LOCALIZE[557]:[/B]</label>
                                <textcolor>aawhite</textcolor>
                                <scroll>false</scroll>
                            </control>
                            <control type="label">
                                <posx>110</posx>
                                <posy>0</posy>
                                <width>1050</width>
                                <font>Font-Condensed-S34</font>
                                <align>left</align>
                                <label fallback="416">$INFO[Container(100).ListItem.Property(Artist)]</label>
                                <textcolor>aawhite</textcolor>
                                <scroll>false</scroll>
                            </control>
                        </control>
                        <control type="grouplist">
                            <!-- Year -->
                            <width>1240</width>
                            <height>50</height>
                            <posy>100</posy>
                            <orientation>horizontal</orientation>
                            <control type="label">
                                <width>190</width>
                                <font>Font-Condensed-S34</font>
                                <align>left</align>
                                <label>[B]$LOCALIZE[562]:[/B]</label>
                                <textcolor>aawhite</textcolor>
                                <scroll>false</scroll>
                            </control>
                            <control type="label">
                                <width>1050</width>
                                <font>Font-Condensed-S34</font>
                                <align>left</align>
                                <label fallback="416">$INFO[Container(100).ListItem.Property(Year)]</label>
                                <textcolor>aawhite</textcolor>
                                <scroll>false</scroll>
                            </control>
                        </control>
                        <control type="grouplist">
                            <!-- Genre -->
                            <width>1240</width>
                            <height>50</height>
                            <posy>150</posy>
                            <orientation>horizontal</orientation>
                            <control type="label">
                                <width>190</width>
                                <font>Font-Condensed-S34</font>
                                <align>left</align>
                                <label>[B]$LOCALIZE[515]:[/B]</label>
                                <textcolor>aawhite</textcolor>
                                <scroll>false</scroll>
                            </control>
                            <control type="label">
                                <width>1050</width>
                                <font>Font-Condensed-S34</font>
                                <align>left</align>
                                <label fallback="416">$INFO[Container(100).ListItem.Property(Genre)]</label>
                                <textcolor>aawhite</textcolor>
                                <scroll>no</scroll>
                            </control>
                        </control>
                        <control type="group">
                            <!-- Review -->
                            <width>1240</width>
                            <height>50</height>
                            <posy>225</posy>
                            <orientation>horizontal</orientation>
                            <control type="label">
                                <posy>0</posy>
                                <width>1240</width>
                                <font>Font-Condensed-S34</font>
                                <align>left</align>
                                <label>[B]$LOCALIZE[183][/B]</label>
                                <textcolor>aawhite</textcolor>
                                <scroll>false</scroll>
                            </control>
                            <control type="textbox">
                                <description>Description</description>
                                <posx>0</posx>
                                <posy>50</posy>
                                <width>1240</width>
                                <height>330</height>
                                <font>Font-Condensed-S40</font>
                                <align>justify</align>
                                <textcolor>bbwhite</textcolor>
                                <label>$INFO[Container(100).ListItem.Property(Album_Description)]</label>
                                <autoscroll time="2000" delay="10000" repeat="10000">!Skin.HasSetting(AutoScroll.Disable)</autoscroll>
                                <visible>!IsEmpty(Container(100).ListItem.Property(Album_Description))</visible>
                            </control>
                            <control type="label">
                                <posx>0</posx>
                                <posy>50</posy>
                                <width>1240</width>
                                <font>Font-Condensed-S40</font>
                                <align>left</align>
                                <label>$LOCALIZE[414]</label>
                                <textcolor>bbwhite</textcolor>
                                <scroll>false</scroll>
                                <visible>IsEmpty(Container(100).ListItem.Property(Album_Description))</visible>
                            </control>
                        </control>
                    </control>
                    <control type="group">
                        <visible>Control.IsVisible(180)</visible>
                        <control type="grouplist">
                            <!-- Title -->
                            <width>1240</width>
                            <height>50</height>
                            <orientation>horizontal</orientation>
                            <control type="label">
                                <width>200</width>
                                <font>Font-Condensed-S34</font>
                                <align>left</align>
                                <label>[B]$LOCALIZE[556]:[/B]</label>
                                <textcolor>aawhite</textcolor>
                                <scroll>false</scroll>
                            </control>
                            <control type="label">
                                <width>1040</width>
                                <font>Font-Condensed-S34</font>
                                <align>left</align>
                                <label fallback="416">$INFO[Container(100).ListItem.Property(Track),,. ]$INFO[Container(100).ListItem.Label]</label>
                                <textcolor>aawhite</textcolor>
                                <scroll>false</scroll>
                            </control>
                        </control>
                        <control type="grouplist">
                            <!-- Artist -->
                            <width>1240</width>
                            <height>50</height>
                            <posy>50</posy>
                            <orientation>horizontal</orientation>
                            <control type="label">
                                <posx>0</posx>
                                <posy>0</posy>
                                <width>200</width>
                                <font>Font-Condensed-S34</font>
                                <align>left</align>
                                <label>[B]$LOCALIZE[557]:[/B]</label>
                                <textcolor>aawhite</textcolor>
                                <scroll>false</scroll>
                            </control>
                            <control type="label">
                                <posx>110</posx>
                                <posy>0</posy>
                                <width>1040</width>
                                <font>Font-Condensed-S34</font>
                                <align>left</align>
                                <label fallback="416">$INFO[Container(100).ListItem.Property(Artist)]</label>
                                <textcolor>aawhite</textcolor>
                                <scroll>false</scroll>
                            </control>
                        </control>
                        <control type="grouplist">
                            <!-- Album -->
                            <width>1240</width>
                            <height>50</height>
                            <posy>100</posy>
                            <orientation>horizontal</orientation>
                            <control type="label">
                                <width>200</width>
                                <font>Font-Condensed-S34</font>
                                <align>left</align>
                                <label>[B]$LOCALIZE[558]:[/B]</label>
                                <textcolor>aawhite</textcolor>
                                <scroll>false</scroll>
                            </control>
                            <control type="label">
                                <width>1040</width>
                                <font>Font-Condensed-S34</font>
                                <align>left</align>
                                <label fallback="416">$INFO[Container(100).ListItem.Property(Album)]</label>
                                <textcolor>aawhite</textcolor>
                                <scroll>false</scroll>
                            </control>
                        </control>
                        <control type="grouplist">
                            <!-- Year -->
                            <width>1240</width>
                            <height>50</height>
                            <posy>150</posy>
                            <orientation>horizontal</orientation>
                            <control type="label">
                                <width>200</width>
                                <font>Font-Condensed-S34</font>
                                <align>left</align>
                                <label>[B]$LOCALIZE[562]:[/B]</label>
                                <textcolor>aawhite</textcolor>
                                <scroll>false</scroll>
                            </control>
                            <control type="label">
                                <width>1040</width>
                                <font>Font-Condensed-S34</font>
                                <align>left</align>
                                <label fallback="416">$INFO[Container(100).ListItem.Property(Year)]</label>
                                <textcolor>aawhite</textcolor>
                                <scroll>false</scroll>
                            </control>
                        </control>
                        <control type="grouplist">
                            <!-- Genre -->
                            <width>1240</width>
                            <height>50</height>
                            <posy>200</posy>
                            <orientation>horizontal</orientation>
                            <control type="label">
                                <width>200</width>
                                <font>Font-Condensed-S34</font>
                                <align>left</align>
                                <label>[B]$LOCALIZE[515]:[/B]</label>
                                <textcolor>aawhite</textcolor>
                                <scroll>false</scroll>
                            </control>
                            <control type="label">
                                <width>1040</width>
                                <font>Font-Condensed-S34</font>
                                <align>left</align>
                                <label fallback="416">$INFO[Container(100).ListItem.Property(Genre)]</label>
                                <textcolor>aawhite</textcolor>
                                <scroll>no</scroll>
                            </control>
                        </control>
                        <control type="grouplist">
                            <!-- Duration -->
                            <width>1240</width>
                            <height>50</height>
                            <posy>250</posy>
                            <orientation>horizontal</orientation>
                            <control type="label">
                                <width>200</width>
                                <font>Font-Condensed-S34</font>
                                <align>left</align>
                                <label>[B]$LOCALIZE[180]:[/B]</label>
                                <textcolor>aawhite</textcolor>
                                <scroll>false</scroll>
                            </control>
                            <control type="label">
                                <width>1040</width>
                                <font>Font-Condensed-S34</font>
                                <align>left</align>
                                <label fallback="416">$INFO[Container(100).ListItem.Property(Duration),, $LOCALIZE[12391]]</label>
                                <textcolor>aawhite</textcolor>
                                <scroll>no</scroll>
                            </control>
                        </control>
                        <control type="grouplist">
                            <!-- Duration -->
                            <width>1240</width>
                            <height>50</height>
                            <posy>300</posy>
                            <orientation>horizontal</orientation>
                            <control type="label">
                                <width>200</width>
                                <font>Font-Condensed-S34</font>
                                <align>left</align>
                                <label>[B]$LOCALIZE[567]:[/B]</label>
                                <textcolor>aawhite</textcolor>
                                <scroll>false</scroll>
                            </control>
                            <control type="label">
                                <width>1040</width>
                                <font>Font-Condensed-S34</font>
                                <align>left</align>
                                <label fallback="416">$INFO[Container(100).ListItem.Property(Playcount)]</label>
                                <textcolor>aawhite</textcolor>
                                <scroll>no</scroll>
                            </control>
                        </control>
                    </control>
                </control>  
            </control>
        </control>
    </include>

</includes>