<includes>

    <variable name="CustomHomePanelLabel">
        <value condition="stringcompare(Window(3003).Property(SingleDialog),guide1)">$INFO[Skin.String(CustomHomePanel1.Label)]</value>
        <value condition="stringcompare(Window(3003).Property(SingleDialog),guide2)">$INFO[Skin.String(CustomHomePanel2.Label)]</value>
        <value condition="stringcompare(Window(3003).Property(SingleDialog),guide3)">$INFO[Skin.String(CustomHomePanel3.Label)]</value>
        <value condition="stringcompare(Window(3003).Property(SingleDialog),guide4)">$INFO[Skin.String(CustomHomePanel4.Label)]</value>
    </variable>
    
    <variable name="CustomHomePanelTypeName">
        <value condition="stringcompare(Window(3003).Property(SingleDialog),guide1)">$INFO[Skin.String(CustomHomePanel1.TypeName)]</value>
        <value condition="stringcompare(Window(3003).Property(SingleDialog),guide2)">$INFO[Skin.String(CustomHomePanel2.TypeName)]</value>
        <value condition="stringcompare(Window(3003).Property(SingleDialog),guide3)">$INFO[Skin.String(CustomHomePanel3.TypeName)]</value>
        <value condition="stringcompare(Window(3003).Property(SingleDialog),guide4)">$INFO[Skin.String(CustomHomePanel4.TypeName)]</value>
    </variable>
    
    <variable name="CustomHomePanelPath">
        <value condition="stringcompare(Window(3003).Property(SingleDialog),guide1)">$INFO[Skin.String(CustomHomePanel1.Path)]</value>
        <value condition="stringcompare(Window(3003).Property(SingleDialog),guide2)">$INFO[Skin.String(CustomHomePanel2.Path)]</value>
        <value condition="stringcompare(Window(3003).Property(SingleDialog),guide3)">$INFO[Skin.String(CustomHomePanel3.Path)]</value>
        <value condition="stringcompare(Window(3003).Property(SingleDialog),guide4)">$INFO[Skin.String(CustomHomePanel4.Path)]</value>
    </variable>

    <include name="PanelDialogGuideItem">
        <control type="grouplist" id="4">
            <posx>0</posx>
            <posy>0</posy>
            <width>532</width>
            <height>360</height>
            <itemgap>0</itemgap>
            <onup>2406</onup>
            <ondown>2405</ondown>
            <onleft>5</onleft>
            <onright>3</onright>
            <scrolltime>0</scrolltime>
            <orientation>vertical</orientation>
            <control type="button" id="2141">
                <include>SettingsCustomDialogButtonVars</include>
                <label>$LOCALIZE[41138]</label>
                <label2>$VAR[CustomHomePanelLabel]</label2>
                <onclick>Skin.SetString($INFO[Window.Property(CustomHomePanelEdit)].Label)</onclick>
            </control>
        </control>
        
        <control type="group">
            <control type="image">
                <posx>0</posx>
                <posy>60</posy>
                <width>532</width>
                <height>60</height>
                <texture>dialogs/default/separator-btn.png</texture>
                <visible>!ControlGroup(2405).HasFocus</visible>
            </control>
            <control type="image">
                <posx>0</posx>
                <posy>60</posy>
                <width>532</width>
                <height>60</height>
                <texture border="2">dialogs/default/highlight.png</texture>
                <aspectratio>stretch</aspectratio>
                <visible>ControlGroup(2405).HasFocus</visible>
            </control>
            <control type="button">
                <posx>0</posx>
                <posy>60</posy>
                <width>455</width>
                <height>60</height>
                <align>left</align>
                <textoffsetx>20</textoffsetx>
                <font>Font-Condensed-S30</font>
                <textcolor>FF585858</textcolor>
                <label>$LOCALIZE[41141]</label>
                <label2>$VAR[CustomHomePanelTypeName]</label2>
                <visible>!ControlGroup(2405).HasFocus</visible>
            </control>
            <control type="button">
                <posx>0</posx>
                <posy>60</posy>
                <width>455</width>
                <height>60</height>
                <align>left</align>
                <textoffsetx>20</textoffsetx>
                <font>Font-Condensed-S30</font>
                <textcolor>eewhite</textcolor>
                <label>$LOCALIZE[41141]</label>
                <label2>$VAR[CustomHomePanelTypeName]</label2>
                <visible>ControlGroup(2405).HasFocus</visible>
            </control>
        </control>
        
        <control type="grouplist" id="2405">
            <description>button area</description>
            <posx>450</posx>
            <posy>60</posy>
            <width>120</width>
            <height>60</height>
            <itemgap>0</itemgap>
            <onleft>5</onleft>
            <onright>3</onright>
            <onup>4</onup>
            <ondown>2406</ondown>
            <orientation>horizontal</orientation>
            <control type="button" id="24051">
                <width>32</width>
                <height>60</height>
                <texturefocus>buttons/spinctrl/arrow-light-down-fo.png</texturefocus>
                <texturenofocus>buttons/spinctrl/arrow-light-down-nf.png</texturenofocus>
                <onclick condition="stringcompare(Window.Property(CustomHomePanelEdit.Type),7)">Skin.SetString($INFO[Window.Property(CustomHomePanelEdit)].Type,0)</onclick>
                <onclick condition="stringcompare(Window.Property(CustomHomePanelEdit.Type),7)">Skin.SetString($INFO[Window.Property(CustomHomePanelEdit)].TypeName,$LOCALIZE[41145])</onclick>
                <onclick condition="stringcompare(Window.Property(CustomHomePanelEdit.Type),7)">SetProperty(CustomHomePanelEdit.Type,0)</onclick>
                <onclick condition="stringcompare(Window.Property(CustomHomePanelEdit.Type),6)">Skin.SetString($INFO[Window.Property(CustomHomePanelEdit)].Type,7)</onclick>
                <onclick condition="stringcompare(Window.Property(CustomHomePanelEdit.Type),6)">Skin.SetString($INFO[Window.Property(CustomHomePanelEdit)].TypeName,$LOCALIZE[41151])</onclick>
                <onclick condition="stringcompare(Window.Property(CustomHomePanelEdit.Type),6)">SetProperty(CustomHomePanelEdit.Type,7)</onclick>
                <onclick condition="stringcompare(Window.Property(CustomHomePanelEdit.Type),5)">Skin.SetString($INFO[Window.Property(CustomHomePanelEdit)].Type,6)</onclick>
                <onclick condition="stringcompare(Window.Property(CustomHomePanelEdit.Type),5)">Skin.SetString($INFO[Window.Property(CustomHomePanelEdit)].TypeName,$LOCALIZE[41153])</onclick>
                <onclick condition="stringcompare(Window.Property(CustomHomePanelEdit.Type),5)">SetProperty(CustomHomePanelEdit.Type,6)</onclick>
                <onclick condition="stringcompare(Window.Property(CustomHomePanelEdit.Type),4)">Skin.SetString($INFO[Window.Property(CustomHomePanelEdit)].Type,5)</onclick>
                <onclick condition="stringcompare(Window.Property(CustomHomePanelEdit.Type),4)">Skin.SetString($INFO[Window.Property(CustomHomePanelEdit)].TypeName,$LOCALIZE[41150])</onclick>
                <onclick condition="stringcompare(Window.Property(CustomHomePanelEdit.Type),4)">SetProperty(CustomHomePanelEdit.Type,5)</onclick>
                <onclick condition="stringcompare(Window.Property(CustomHomePanelEdit.Type),3)">Skin.SetString($INFO[Window.Property(CustomHomePanelEdit)].Type,4)</onclick>
                <onclick condition="stringcompare(Window.Property(CustomHomePanelEdit.Type),3)">Skin.SetString($INFO[Window.Property(CustomHomePanelEdit)].TypeName,$LOCALIZE[41149])</onclick>
                <onclick condition="stringcompare(Window.Property(CustomHomePanelEdit.Type),3)">SetProperty(CustomHomePanelEdit.Type,4)</onclick>
                <onclick condition="stringcompare(Window.Property(CustomHomePanelEdit.Type),2)">Skin.SetString($INFO[Window.Property(CustomHomePanelEdit)].Type,3)</onclick>
                <onclick condition="stringcompare(Window.Property(CustomHomePanelEdit.Type),2)">Skin.SetString($INFO[Window.Property(CustomHomePanelEdit)].TypeName,$LOCALIZE[41148])</onclick>
                <onclick condition="stringcompare(Window.Property(CustomHomePanelEdit.Type),2)">SetProperty(CustomHomePanelEdit.Type,3)</onclick>
                <onclick condition="stringcompare(Window.Property(CustomHomePanelEdit.Type),1)">Skin.SetString($INFO[Window.Property(CustomHomePanelEdit)].Type,2)</onclick>
                <onclick condition="stringcompare(Window.Property(CustomHomePanelEdit.Type),1)">Skin.SetString($INFO[Window.Property(CustomHomePanelEdit)].TypeName,$LOCALIZE[41147])</onclick>
                <onclick condition="stringcompare(Window.Property(CustomHomePanelEdit.Type),1)">SetProperty(CustomHomePanelEdit.Type,2)</onclick>
                <onclick condition="stringcompare(Window.Property(CustomHomePanelEdit.Type),0)">Skin.SetString($INFO[Window.Property(CustomHomePanelEdit)].Type,1)</onclick>
                <onclick condition="stringcompare(Window.Property(CustomHomePanelEdit.Type),0)">Skin.SetString($INFO[Window.Property(CustomHomePanelEdit)].TypeName,$LOCALIZE[41146])</onclick>
                <onclick condition="stringcompare(Window.Property(CustomHomePanelEdit.Type),0)">SetProperty(CustomHomePanelEdit.Type,1)</onclick>
                <onclick condition="stringcompare(Window.Property(CustomHomePanelEdit.Type),7)">Skin.SetString($INFO[Window.Property(CustomHomePanelEdit)].Type,0)</onclick>
                <onclick condition="stringcompare(Window.Property(CustomHomePanelEdit.Type),7)">Skin.SetString($INFO[Window.Property(CustomHomePanelEdit)].TypeName,$LOCALIZE[41145])</onclick>
                <onclick condition="stringcompare(Window.Property(CustomHomePanelEdit.Type),7)">SetProperty(CustomHomePanelEdit.Type,0)</onclick>
            </control>
            <control type="button" id="24052">
                <width>32</width>
                <height>60</height>
                <texturefocus>buttons/spinctrl/arrow-light-up-fo.png</texturefocus>
                <texturenofocus>buttons/spinctrl/arrow-light-up-nf.png</texturenofocus>
                <onclick condition="stringcompare(Window.Property(CustomHomePanelEdit.Type),0)">Skin.SetString($INFO[Window.Property(CustomHomePanelEdit)].Type,7)</onclick>
                <onclick condition="stringcompare(Window.Property(CustomHomePanelEdit.Type),0)">Skin.SetString($INFO[Window.Property(CustomHomePanelEdit)].TypeName,$LOCALIZE[41151])</onclick>
                <onclick condition="stringcompare(Window.Property(CustomHomePanelEdit.Type),0)">SetProperty(CustomHomePanelEdit.Type,7)</onclick>
                <onclick condition="stringcompare(Window.Property(CustomHomePanelEdit.Type),1)">Skin.SetString($INFO[Window.Property(CustomHomePanelEdit)].Type,0)</onclick>
                <onclick condition="stringcompare(Window.Property(CustomHomePanelEdit.Type),1)">Skin.SetString($INFO[Window.Property(CustomHomePanelEdit)].TypeName,$LOCALIZE[41145])</onclick>
                <onclick condition="stringcompare(Window.Property(CustomHomePanelEdit.Type),1)">SetProperty(CustomHomePanelEdit.Type,0)</onclick>
                <onclick condition="stringcompare(Window.Property(CustomHomePanelEdit.Type),2)">Skin.SetString($INFO[Window.Property(CustomHomePanelEdit)].Type,1)</onclick>
                <onclick condition="stringcompare(Window.Property(CustomHomePanelEdit.Type),2)">Skin.SetString($INFO[Window.Property(CustomHomePanelEdit)].TypeName,$LOCALIZE[41146])</onclick>
                <onclick condition="stringcompare(Window.Property(CustomHomePanelEdit.Type),2)">SetProperty(CustomHomePanelEdit.Type,1)</onclick>
                <onclick condition="stringcompare(Window.Property(CustomHomePanelEdit.Type),3)">Skin.SetString($INFO[Window.Property(CustomHomePanelEdit)].Type,2)</onclick>
                <onclick condition="stringcompare(Window.Property(CustomHomePanelEdit.Type),3)">Skin.SetString($INFO[Window.Property(CustomHomePanelEdit)].TypeName,$LOCALIZE[41147])</onclick>
                <onclick condition="stringcompare(Window.Property(CustomHomePanelEdit.Type),3)">SetProperty(CustomHomePanelEdit.Type,2)</onclick>
                <onclick condition="stringcompare(Window.Property(CustomHomePanelEdit.Type),4)">Skin.SetString($INFO[Window.Property(CustomHomePanelEdit)].Type,3)</onclick>
                <onclick condition="stringcompare(Window.Property(CustomHomePanelEdit.Type),4)">Skin.SetString($INFO[Window.Property(CustomHomePanelEdit)].TypeName,$LOCALIZE[41148])</onclick>
                <onclick condition="stringcompare(Window.Property(CustomHomePanelEdit.Type),4)">SetProperty(CustomHomePanelEdit.Type,3)</onclick>
                <onclick condition="stringcompare(Window.Property(CustomHomePanelEdit.Type),5)">Skin.SetString($INFO[Window.Property(CustomHomePanelEdit)].Type,4)</onclick>
                <onclick condition="stringcompare(Window.Property(CustomHomePanelEdit.Type),5)">Skin.SetString($INFO[Window.Property(CustomHomePanelEdit)].TypeName,$LOCALIZE[41149])</onclick>
                <onclick condition="stringcompare(Window.Property(CustomHomePanelEdit.Type),5)">SetProperty(CustomHomePanelEdit.Type,4)</onclick>
                <onclick condition="stringcompare(Window.Property(CustomHomePanelEdit.Type),6)">Skin.SetString($INFO[Window.Property(CustomHomePanelEdit)].Type,5)</onclick>
                <onclick condition="stringcompare(Window.Property(CustomHomePanelEdit.Type),6)">Skin.SetString($INFO[Window.Property(CustomHomePanelEdit)].TypeName,$LOCALIZE[41150])</onclick>
                <onclick condition="stringcompare(Window.Property(CustomHomePanelEdit.Type),6)">SetProperty(CustomHomePanelEdit.Type,5)</onclick>
                <onclick condition="stringcompare(Window.Property(CustomHomePanelEdit.Type),7)">Skin.SetString($INFO[Window.Property(CustomHomePanelEdit)].Type,6)</onclick>
                <onclick condition="stringcompare(Window.Property(CustomHomePanelEdit.Type),7)">Skin.SetString($INFO[Window.Property(CustomHomePanelEdit)].TypeName,$LOCALIZE[41153])</onclick>
                <onclick condition="stringcompare(Window.Property(CustomHomePanelEdit.Type),7)">SetProperty(CustomHomePanelEdit.Type,6)</onclick>
                <onclick condition="stringcompare(Window.Property(CustomHomePanelEdit.Type),0)">Skin.SetString($INFO[Window.Property(CustomHomePanelEdit)].Type,7)</onclick>
                <onclick condition="stringcompare(Window.Property(CustomHomePanelEdit.Type),0)">Skin.SetString($INFO[Window.Property(CustomHomePanelEdit)].TypeName,$LOCALIZE[41151])</onclick>
                <onclick condition="stringcompare(Window.Property(CustomHomePanelEdit.Type),0)">SetProperty(CustomHomePanelEdit.Type,7)</onclick>
            </control>
        </control>
        
        <control type="button" id="2406">
            <posx>0</posx>
            <posy>120</posy>
            <onleft>5</onleft>
            <onright>3</onright>
            <onup>2405</onup>
            <ondown>2141</ondown>
            <include>SettingsCustomDialogButtonVars</include>
            <label>$LOCALIZE[41142]</label>
            <label2>$VAR[CustomHomePanelPath]</label2>
            <onclick condition="!stringcompare(Window.Property(CustomHomePanelEdit.Type),6) + !stringcompare(Window.Property(CustomHomePanelEdit.Type),7)">SetProperty(Property,$INFO[Window.Property(CustomHomePanelEdit)],selectdialog)</onclick>
            <onclick condition="stringcompare(Window.Property(CustomHomePanelEdit.Type),0)">Skin.SetAddon($INFO[Window.Property(CustomHomePanelEdit)].Path,xbmc.addon.video)</onclick>
            <onclick condition="stringcompare(Window.Property(CustomHomePanelEdit.Type),1)">Skin.SetAddon($INFO[Window.Property(CustomHomePanelEdit)].Path,xbmc.addon.audio)</onclick>
            <onclick condition="stringcompare(Window.Property(CustomHomePanelEdit.Type),2)">Skin.SetAddon($INFO[Window.Property(CustomHomePanelEdit)].Path,xbmc.addon.image)</onclick>
            <onclick condition="stringcompare(Window.Property(CustomHomePanelEdit.Type),3)">Skin.SetAddon($INFO[Window.Property(CustomHomePanelEdit)].Path,xbmc.addon.executable)</onclick>
            <onclick condition="stringcompare(Window.Property(CustomHomePanelEdit.Type),4)">Skin.SetFile($INFO[Window.Property(CustomHomePanelEdit)].Path,.xsp|.m3u,special://profile/playlists/video/)</onclick>
            <onclick condition="stringcompare(Window.Property(CustomHomePanelEdit.Type),5)">Skin.SetFile($INFO[Window.Property(CustomHomePanelEdit)].Path,.xsp|.m3u,special://profile/playlists/music/)</onclick>
            <onclick condition="stringcompare(Window.Property(CustomHomePanelEdit.Type),6)">RunScript(script.favourites,property=$INFO[Window.Property(CustomHomePanelEdit)])</onclick>
            <onclick condition="stringcompare(Window.Property(CustomHomePanelEdit.Type),7)">Skin.SetString($INFO[Window.Property(CustomHomePanelEdit)].Path)</onclick>
        </control>
    </include>
    
    <include name="PanelDialogGuide">
        <control type="group">
            <visible>!Window.IsVisible(yesnodialog)</visible>
            <animation type="Visible" reversible="false">
                <effect type="zoom" start="75" end="100" center="960,540" easing="out" tween="back" time="300" />
                <effect type="fade" start="0" end="100" time="175" />
            </animation>
            <animation type="Hidden" reversible="false">
                <effect type="fade" start="100" end="0" time="0" />
            </animation>
            <animation type="WindowOpen" condition="Window.IsVisible(3001)" reversible="false">
                <effect type="fade" start="0" end="100" time="0" delay="300" />
            </animation>
            <control type="group">
                <include>KeyboardAnimations</include>
                <visible>!Window.IsVisible(filebrowser) + !Window.IsVisible(virtualkeyboard) + !Window.IsVisible(selectdialog) + !Window.IsVisible(DialogSelect.xml)</visible>
                
                <control type="label">
                    <description>Heading</description>
                    <posx>473</posx>
                    <posy>278</posy>
                    <width>974</width>
                    <font>Font-Condensed-S34</font>
                    <label>$INFO[Window(skinsettings).property(Dialog)]</label>
                    <textcolor>ddwhite</textcolor>
                    <align>center</align>
                </control>
                
                <control type="image">
                    <posx>920</posx>
                    <posy>306</posy>
                    <width>80</width>
                    <height>60</height>
                    <texture>dialogs/default/arrow.png</texture>
                </control>
                <control type="image">
                    <posx>524</posx>
                    <posy>326</posy>
                    <width>872</width>
                    <height>428</height>
                    <texture border="39">dialogs/default/bg.png</texture>
                </control>
                <control type="image">
                	<posx>558</posx>
                	<posy>360</posy>
                	<width>532</width>
                	<height>361</height>
                	<texture border="5">dialogs/default/inner.png</texture>
                </control>
                <control type="image">
                	<posx>1104</posx>
                	<posy>360</posy>
                	<width>258</width>
                	<height>361</height>
                	<texture border="5">dialogs/default/inner.png</texture>
                </control>
                
                <control type="image">
                    <posx>1105</posx>
                    <posy>360</posy>
                    <width>257</width>
                    <height>60</height>
                    <texture>windows/common/black.png</texture>
                    <colordiffuse>15FFFFFF</colordiffuse>
                    <aspectratio>stretch</aspectratio>
                    <animation effect="slide" end="0,60" time="0" condition="ControlGroup(3).HasFocus(2102)">Conditional</animation>
                    <animation effect="slide" end="0,120" time="0" condition="ControlGroup(3).HasFocus(2103)">Conditional</animation>
                    <animation effect="slide" end="0,180" time="0" condition="ControlGroup(3).HasFocus(2104)">Conditional</animation>
                </control>
                
                <control type="grouplist" id="3">
                    <posx>1104</posx>
                    <posy>360</posy>
                    <width>258</width>
                    <height>360</height>
                    <itemgap>0</itemgap>
                    <onup>3</onup>
                    <ondown>3</ondown>
                    <onleft>4</onleft>
                    <onright>5</onright>
                    <scrolltime>0</scrolltime>
                    <orientation>vertical</orientation>
                    <control type="radiobutton" id="2101">
                        <include>SettingsBackgroundDialogRadioButtonVars</include>
                        <label>$LOCALIZE[41137] 1</label>
                        <onclick>Skin.SetString(CustomHomePanel1.Type,0)</onclick>
                        <onclick>Skin.SetString(CustomHomePanel1.TypeName,$LOCALIZE[41145])</onclick>
                        <onclick>Skin.Reset(CustomHomePanel1.Label)</onclick>
                        <onclick>Skin.Reset(CustomHomePanel1.Path)</onclick>
                        <onclick>Skin.ToggleSetting(CustomHomePanel1)</onclick>
                        <onclick>SetProperty(CustomHomePanelEdit.Enabled,$INFO[Skin.HasSetting(CustomHomePanel1)])</onclick>
                        <onclick>SetProperty(CustomHomePanelEdit.Type,0)</onclick>
                        <onfocus>SetProperty(SingleDialog,guide1)</onfocus>
                        <onfocus>SetProperty(CustomHomePanelEdit,CustomHomePanel1)</onfocus>
                        <onfocus>SetProperty(CustomHomePanelEdit.Enabled,$INFO[Skin.HasSetting(CustomHomePanel1)])</onfocus>
                        <onfocus>SetProperty(CustomHomePanelEdit.Type,$INFO[Skin.String(CustomHomePanel1.Type)])</onfocus>
                        <selected>Skin.HasSetting(CustomHomePanel1)</selected>
                    </control>
                    <control type="radiobutton" id="2102">
                        <include>SettingsBackgroundDialogRadioButtonVars</include>
                        <label>$LOCALIZE[41137] 2</label>
                        <onclick>Skin.SetString(CustomHomePanel2.Type,0)</onclick>
                        <onclick>Skin.SetString(CustomHomePanel2.TypeName,$LOCALIZE[41145])</onclick>
                        <onclick>Skin.Reset(CustomHomePanel2.Label)</onclick>
                        <onclick>Skin.Reset(CustomHomePanel2.Path)</onclick>
                        <onclick>Skin.ToggleSetting(CustomHomePanel2)</onclick>
                        <onclick>SetProperty(CustomHomePanelEdit.Enabled,$INFO[Skin.HasSetting(CustomHomePanel2)])</onclick>
                        <onclick>SetProperty(CustomHomePanelEdit.Type,0)</onclick>
                        <onfocus>SetProperty(SingleDialog,guide2)</onfocus>
                        <onfocus>SetProperty(CustomHomePanelEdit,CustomHomePanel2)</onfocus>
                        <onfocus>SetProperty(CustomHomePanelEdit.Enabled,$INFO[Skin.HasSetting(CustomHomePanel2)])</onfocus>
                        <onfocus>SetProperty(CustomHomePanelEdit.Type,$INFO[Skin.String(CustomHomePanel2.Type)])</onfocus>
                        <selected>Skin.HasSetting(CustomHomePanel2)</selected>
                    </control>
                    <control type="radiobutton" id="2103">
                        <include>SettingsBackgroundDialogRadioButtonVars</include>
                        <label>$LOCALIZE[41137] 3</label>
                        <onclick>Skin.SetString(CustomHomePanel3.Type,0)</onclick>
                        <onclick>Skin.SetString(CustomHomePanel3.TypeName,$LOCALIZE[41145])</onclick>
                        <onclick>Skin.Reset(CustomHomePanel3.Label)</onclick>
                        <onclick>Skin.Reset(CustomHomePanel3.Path)</onclick>
                        <onclick>Skin.ToggleSetting(CustomHomePanel3)</onclick>
                        <onclick>SetProperty(CustomHomePanelEdit.Enabled,$INFO[Skin.HasSetting(CustomHomePanel3)])</onclick>
                        <onclick>SetProperty(CustomHomePanelEdit.Type,0)</onclick>
                        <onfocus>SetProperty(SingleDialog,guide3)</onfocus>
                        <onfocus>SetProperty(CustomHomePanelEdit,CustomHomePanel3)</onfocus>
                        <onfocus>SetProperty(CustomHomePanelEdit.Enabled,$INFO[Skin.HasSetting(CustomHomePanel3)])</onfocus>
                        <onfocus>SetProperty(CustomHomePanelEdit.Type,$INFO[Skin.String(CustomHomePanel3.Type)])</onfocus>
                        <selected>Skin.HasSetting(CustomHomePanel3)</selected>
                    </control>
                    <control type="radiobutton" id="2104">
                        <include>SettingsBackgroundDialogRadioButtonVars</include>
                        <label>$LOCALIZE[41137] 4</label>
                        <onclick>Skin.SetString(CustomHomePanel4.Type,0)</onclick>
                        <onclick>Skin.SetString(CustomHomePanel4.TypeName,$LOCALIZE[41145])</onclick>
                        <onclick>Skin.Reset(CustomHomePanel4.Label)</onclick>
                        <onclick>Skin.Reset(CustomHomePanel4.Path)</onclick>
                        <onclick>Skin.ToggleSetting(CustomHomePanel4)</onclick>
                        <onclick>SetProperty(CustomHomePanelEdit.Enabled,$INFO[Skin.HasSetting(CustomHomePanel4)])</onclick>
                        <onclick>SetProperty(CustomHomePanelEdit.Type,0)</onclick>
                        <onfocus>SetProperty(SingleDialog,guide4)</onfocus>
                        <onfocus>SetProperty(CustomHomePanelEdit,CustomHomePanel4)</onfocus>
                        <onfocus>SetProperty(CustomHomePanelEdit.Enabled,$INFO[Skin.HasSetting(CustomHomePanel4)])</onfocus>
                        <onfocus>SetProperty(CustomHomePanelEdit.Type,$INFO[Skin.String(CustomHomePanel4.Type)])</onfocus>
                        <selected>Skin.HasSetting(CustomHomePanel4)</selected>
                    </control>
                </control>
                
                <control type="group">
                    <posx>558</posx>
                    <posy>360</posy>
                    <visible>!IsEmpty(Window.Property(CustomHomePanelEdit.Enabled))</visible>
                    <include>PanelDialogGuideItem</include>
                </control>
                
                <control type="group">
                    <posx>546</posx>
                    <posy>716</posy>
                    <control type="button" id="5">
                        <description>Close</description>
                        <texturefocus>buttons/cancel-fo.png</texturefocus>
                        <texturenofocus>buttons/cancel-nf.png</texturenofocus>
                        <include>DialogButtonDimensions</include>
                        <onleft>3</onleft>
                        <onright>3</onright>
                        <onup>3</onup>
                        <ondown>3</ondown>
                        <label>$LOCALIZE[42002]</label>
                        <onclick>PreviousMenu</onclick>
                    </control>
                    <control type="label">
                        <description>Info</description>
                        <posx>880</posx>
                        <width>500</width>
                        <font>Font-Condensed-S26-B</font>
                        <align>right</align>
                        <include>DialogButtonDimensions</include>
                        <label>$LOCALIZE[41143]</label>
                        <visible>Control.HasFocus(2142)</visible>
                        <include>visiblehidefadeinfo</include>
                    </control>
                </control>
            </control>
        </control>
    </include>
    
</includes>