<window>
    <defaultcontrol always="true">52</defaultcontrol>
    <allowoverlay>no</allowoverlay>
    <backgroundcolor>0</backgroundcolor>
    <onload>ClearProperty(Started,startup)</onload>
    <controls>
        <include>CommonContent</include>
        
        <control type="image">
            <include>FullscreenDimensions</include>
            <texture background="true">special://skin/extras/fade/overlay.png</texture>
        </control>
        
        <control type="group">
            <posx>75</posx>
            <posy>26</posy>
            <animation type="WindowOpen" reversible="false">
                <effect type="fade" start="0" end="100" time="300" tween="sine" easing="in" delay="100" />
                <effect type="slide" start="0,-75" end="0,0" time="350" tween="cubic" easing="out" delay="100" />
            </animation>
            <animation type="WindowClose" reversible="false">
                <effect type="fade" start="100" end="0" time="250" tween="sine" easing="out" delay="100" />
                <effect type="slide" start="0,0" end="0,-75" time="300" tween="sine" easing="out" delay="100" />
            </animation>
            <control type="image">
                <posx>17</posx>
                <posy>32</posy>
                <width>85</width>
                <height>85</height>
                <texture>DefaultActor.png</texture>
            </control>
            <control type="label">
                <posx>110</posx>
                <posy>0</posy>
                <width>250</width>
                <height>120</height>
                <label>$LOCALIZE[41405]</label>
                <font>Font-Condensed-S36-B</font>
                <textcolor>C0FFFFFF</textcolor>
                <scroll>false</scroll>
                <align>left</align>
            </control>
            <control type="label">
                <posx>110</posx>
                <posy>33</posy>
                <width>250</width>
                <height>120</height>
                <label>$INFO[System.Date]</label>
                <font>Font-Condensed-S28</font>
                <textcolor>80FFFFFF</textcolor>
                <scroll>false</scroll>
                <align>left</align>
            </control>
        </control>
        
        <control type="group">
            <include>BannerListAnimations</include>
            <control type="list" id="52">
                <posx>635</posx>
                <posy>360</posy>
                <width>650</width>
                <height>360</height>
                <onleft>61</onleft>
                <onright>noop</onright>
                <onup>52</onup>
                <ondown>52</ondown>
                <pagecontrol>61</pagecontrol>
                <scrolltime tween="cubic" easing="out">500</scrolltime>
                <movement>1</movement>
                <itemlayout height="120">
                    <control type="label">
                        <posx>140</posx>
                        <posy>22</posy>
                        <width>490</width>
                        <height>40</height>
                        <label>$INFO[ListItem.Label]</label>
                        <font>Font-Condensed-S36-B</font>
                        <align>left</align>
                        <aligny>center</aligny>
                        <textcolor>77white</textcolor>
                        <scroll>false</scroll>
                    </control>
                    <control type="label">
                        <posx>140</posx>
                        <posy>61</posy>
                        <width>490</width>
                        <height>40</height>
                        <label>$INFO[ListItem.Label2]</label>
                        <font>Font-Condensed-S30</font>
                        <align>left</align>
                        <aligny>center</aligny>
                        <textcolor>55FFFFFF</textcolor>
                        <scroll>false</scroll>
                    </control>
                </itemlayout>
                <focusedlayout height="120">
                    <control type="image">
                        <posx>0</posx>
                        <posy>0</posy>
                        <width>120</width>
                        <height>120</height>
                        <texture background="true">$INFO[Listitem.Icon]</texture>
                        <animation effect="slide" start="0,120" end="0,0" time="300" reversible="false" tween="back" easing="out" condition="Container(52).OnPrevious">Focus</animation>
                        <animation effect="slide" start="0,-120" end="0,0" time="300" reversible="false" tween="back" easing="out" condition="Container(52).OnNext">Focus</animation>
                    </control>
                    <control type="group">
                        <animation type="Focus" condition="Container(52).OnNext | Container(52).OnPrevious" reversible="false">
                            <effect type="fade" start="50" end="100" time="300" tween="sine" easing="inout" />
                        </animation>
                        <animation effect="fade" start="100" end="50" time="300" tween="sine" easing="inout" condition="!Control.HasFocus(52)">Conditional</animation>
                        <control type="label">
                            <posx>140</posx>
                            <posy>22</posy>
                            <width>490</width>
                            <height>40</height>
                            <textcolor>eewhite</textcolor>
                            <label>[B]$INFO[ListItem.Label][/B]</label>
                            <font>Font-Condensed-S36</font>
                            <align>left</align>
                            <aligny>center</aligny>
                        </control>
                        <control type="label">
                            <posx>140</posx>
                            <posy>61</posy>
                            <width>490</width>
                            <height>40</height>
                            <textcolor>ABFFFFFF</textcolor>
                            <label>$INFO[ListItem.Label2]</label>
                            <font>Font-Condensed-S30</font>
                            <align>left</align>
                            <aligny>center</aligny>
                            <scroll>false</scroll>
                        </control>
                    </control>
                </focusedlayout>
            </control>
            <control type="image" id="63">
                <animation effect="fade" start="100" end="0" time="0" delay="1500">WindowOpen</animation>
            </control>
            <control type="image" id="62">
                <animation effect="fade" start="0" end="100" time="0">Visible</animation>
                <animation effect="fade" start="100" end="0" time="0">Hidden</animation>
                <visible>Control.HasFocus(61) | !Control.IsVisible(63)</visible>
            </control>
            <control type="image" id="62">
                <animation effect="fade" start="0" end="100" time="0">Visible</animation>
                <animation effect="fade" start="100" end="0" time="0" delay="1500">Hidden</animation>
                <visible>!Control.HasFocus(61) + [Container(52).Scrolling | Container(52).OnScrollNext | Container(52).OnScrollPrevious]</visible>
            </control>
            <control type="image">
                <description>Scrollbar background (visible on focus)</description>
                <posx>615</posx>
                <posy>360</posy>
                <width>11</width>
                <height>360</height>
                <texture border="0,6,0,6">views/other/scrollbar.png</texture>
                <visible>Control.IsVisible(52) + Control.HasFocus(61)</visible>
                <animation effect="fade" start="0" end="25" time="300" tween="sine" easing="inout">Visible</animation>
                <animation effect="fade" start="25" end="0" time="300" tween="sine" easing="inout">Hidden</animation>
            </control>
            <control type="scrollbar" id="61">
                <posx>615</posx>
                <posy>360</posy>
                <width>11</width>
                <height>360</height>
                <texturesliderbackground>-</texturesliderbackground>
                <texturesliderbar border="0,6,0,6">views/other/scrollbar.png</texturesliderbar>
                <texturesliderbarfocus border="0,6,0,6">views/other/scrollbar.png</texturesliderbarfocus>
                <textureslidernib>-</textureslidernib>
                <textureslidernibfocus>-</textureslidernibfocus>
                <onleft>52</onleft>
                <onright>52</onright>
                <showonepage>false</showonepage>
                <orientation>vertical</orientation>
                <animation effect="fade" start="45" end="0" time="300" tween="sine" easing="inout" condition="!Control.IsVisible(62)">Conditional</animation>
            </control>
        </control>
        <include>Common-Info-NoOptions</include>
    </controls>
</window>