<?xml version="1.0" encoding="UTF-8" standalone="yes"?>
<addon id="script.artistslideshow" name="Artist Slideshow" version="1.5.8" provider-name="ronie|pkscuot">
	<requires>
		<import addon="xbmc.python" version="2.1.0"/>
		<import addon="xbmc.addon" version="12.0.0"/>
	</requires>
	<extension point="xbmc.python.script" library="default.py">
		<provides>executable</provides>
	</extension>
	<extension point="xbmc.addon.metadata">
		<website>http://wiki.xbmc.org/index.php?title=Add-on:Artist_Slideshow</website>
		<forum>http://forum.xbmc.org/showthread.php?t=124880</forum>
		<source>https://github.com/pkscout/script.artistslideshow</source>
		<license>GNU GENERAL PUBLIC LICENSE. Version 2, June 1991</license>
		<email>artistslideshow.xbmc@gmail.com</email>
		<disclaimer></disclaimer>
		<language></language>
		<summary lang="ar">حمل صور و معلومات إضافية للفنان المغني حاليا</summary>
		<summary lang="be">Download images and additional info of the currently playing artist</summary>
		<summary lang="bg">Сваля изображения и допълнителна инф. за изпълнителя на текущата песен</summary>
		<summary lang="da">Download billeder og ekstra info om kunstneren, der spiller i øjeblikket</summary>
		<summary lang="de">Downloade Bilder und zusätzliche Informationen des aktuellen abspielenden Künstlers.</summary>
		<summary lang="el">Κατεβάστε εικόνες και επιπλέον πληροφορίες του τρέχοντος καλλιτέχνη</summary>
		<summary lang="en">Download images and additional info of the currently playing artist</summary>
		<summary lang="es">Descarga imágenes e información adicional del artista que esté sonando</summary>
		<summary lang="fr">Télécharger les images et les informations additionnelles de l'artiste en cours de lecture</summary>
		<summary lang="gl">Descarga imaxes e info. adicional do artista que está a soar</summary>
		<summary lang="he">הורד תמונות ומידע נוסף של האמן המנגן עכשיו</summary>
		<summary lang="hr">Preuzimanje slika i dodatnih informacija o trenutnoj izvedbi umjetnika</summary>
		<summary lang="hu">Képeket és kiegészítő információkat tölt le a jelenleg játszott előadóról</summary>
		<summary lang="it">Scarica immagini ed informazioni addizionali dell'artista attualmente in esecuzione</summary>
		<summary lang="ko">현재 재생중인 아티스트의 이미지와 추가 정보 다운로드</summary>
		<summary lang="nl">Downloaden van afbeeldingen en extra informatie van de nu spelende artiest</summary>
		<summary lang="pl">Pobieraj zdjęcia i dodatkowe informacje o aktualnie odtwarzanym artyście</summary>
		<summary lang="pt">Transferir imagens e info adicional do artista em reprodução agora</summary>
		<summary lang="pt_BR">Transferência de imagens e informações adicionais de artistas que estejam sendo reproduzidos</summary>
		<summary lang="ru">Загрузить фото и дополнительную информацию об воспроизводимом исполнителе</summary>
		<summary lang="sk">Stiahnuť obrázky a dodatočné informácie o práve hrajúcich interpretoch</summary>
		<summary lang="sv">Ladda ner bilder och ytterligare information om den nu spelande artisten</summary>
		<summary lang="zh">下载当前播放艺人的图片和附加信息</summary>
		<description lang="en">Addon to download images and additional information from fanart.tv, theaudiodb.com, and htbackdrops.org of the currently playing artist. The images, along with local artists' images, and info can be used by the skin to create a slideshow for the artist being listened to.</description>
		<platform>all</platform>
	</extension>
</addon>
