<?xml version="1.0" ?>
<channels xmlns="http://xsd.rieter.net/net.rieter.xot/channels">
    <channel>
        <guid>29D36E00-730B-11E2-AD39-B0F06188709B</guid>
        <name>L1</name>
        <description>L1.nl Uitzendinggemist</description>
        <icon>l1icon.png</icon>
        <iconlarge>l1large.png</iconlarge>
        <category>Regional</category>
        <sortorder>12</sortorder>
        <language>nl</language>
        <compatible>Environments.All</compatible>
    </channel>
</channels>