<?xml version="1.0" ?>
<channels xmlns="http://xsd.rieter.net/net.rieter.xot/channels">
    <channel>
        <guid>870EAD32-F2F9-11DD-B0E7-747356D89593</guid>
        <name>AT5</name>
        <description>AT5 Uitzendinggemist</description>
        <icon>at5icon.png</icon>
        <iconlarge>at5large.png</iconlarge>
        <category>Regional</category>
        <sortorder>12</sortorder>
        <language>nl</language>
        <compatible>Environments.All</compatible>
    </channel>
</channels>