<?xml version="1.0" ?>
<channels xmlns="http://xsd.rieter.net/net.rieter.xot/channels">
    <channel>
        <guid>8D4EBAE8-F3C6-11DD-92EE-F2FE55D89593</guid>
        <name>Nickelodeon</name>
        <description>Afleveringen van Nickelodeon</description>
        <icon>nickelodeonicon.png</icon>
        <iconlarge>nickelodeonlarge.png</iconlarge>
        <category>Kids</category>
        <channelcode>nickelodeon</channelcode>
        <sortorder>11</sortorder>
        <language>nl</language>
    </channel>
    
    <channel>
        <guid>9AD5766A-BA08-11E0-BBC6-190D4824019B</guid>
        <name>Nick Jr.</name>
        <description>Afleveringen van Nickelodeon Junior</description>
        <icon>nickelodeonicon.png</icon>
        <iconlarge>nickjrlarge.png</iconlarge>
        <category>Kids</category>
        <channelcode>nickjr</channelcode>
        <sortorder>11</sortorder>
        <language>nl</language>
    </channel>

    <channel>
        <guid>47AA717E-F919-11E1-977F-0DEC6188709B</guid>
        <name>Nickelodeon (Norge)</name>
        <description>Sendninger fra Nickelodeon.no</description>
        <icon>nickelodeonicon.png</icon>
        <iconlarge>nickelodeonlarge.png</iconlarge>
        <category>Kids</category>
        <channelcode>nickno</channelcode>
        <sortorder>93</sortorder>
        <language>no</language>
    </channel>
    
    <channel>
        <guid>3A1DE3B8-F9F2-11E1-A2CD-6B7A6188709B</guid>
        <name>Nick Jr. (Norge)</name>
        <description>Sendninger fra Nick Jr.no</description>
        <icon>nickelodeonicon.png</icon>
        <iconlarge>nickjrlarge.png</iconlarge>
        <category>Kids</category>
        <channelcode>nickjrno</channelcode>
        <sortorder>93</sortorder>
        <language>no</language>
        <compatible>Environments.NoPlatform</compatible>
    </channel>

    <channel>
        <guid>8D1E5858-F926-11E1-BE1C-90F66188709B</guid>
        <name>Nickelodeon (Sverige)</name>
        <description>Sändningar från Nickelodeon.se</description>
        <icon>nickelodeonicon.png</icon>
        <iconlarge>nickelodeonlarge.png</iconlarge>
        <category>Kids</category>
        <channelcode>nickse</channelcode>
        <sortorder>109</sortorder>
        <language>se</language>
    </channel>
    
    <channel>
        <guid>C523A2C2-F9F2-11E1-87CE-BA7A6188709B</guid>
        <name>Nick Jr. (Sverige)</name>
        <description>Sändningar från Nick Jr.se</description>
        <icon>nickelodeonicon.png</icon>
        <iconlarge>nickjrlarge.png</iconlarge>
        <category>Kids</category>
        <channelcode>nickjrse</channelcode>
        <sortorder>109</sortorder>
        <language>se</language>
        <compatible>Environments.NoPlatform</compatible>
    </channel>
</channels>