<?xml version="1.0" ?>
<channels>
    <channel>
        <guid>3D4C7F88-FAB8-11E1-868D-8CDA6088709B</guid>
        <name>Pathé Nederland</name>
        <description>Films die draaien in de Nederlandse Pathé bioscopen.</description>
        <icon>patheicon.png</icon>
        <iconlarge>pathelarge.png</iconlarge>
        <channelcode>pathe</channelcode>
        <sortorder>14</sortorder>
        <language>nl</language>
        <compatible>Environments.All</compatible>
    </channel>
</channels>