<?xml version="1.0" ?>
<channels xmlns="http://xsd.rieter.net/net.rieter.xot/channels">
    <channel>
        <guid>0C59FF4A-8E07-11E1-B2D2-8071BBE59B18</guid>
        <name>Radio 538</name>
        <description>Uitzendingen van Radio 538 gemist (www.538gemist.nl).</description>
        <icon>radio538icon.png</icon>
        <iconlarge>radio538large.png</iconlarge>
        <category>Radio</category>
        <channelcode>538</channelcode>
        <sortorder>14</sortorder>
        <language>nl</language>
        <message>De oudere streams van 538 gemist komen bij RTL XL|vandaan. Deze kunnen niet met dit kanaal worden|afgespeeld. Gebruik daarvoor het RTL XL kanaal.</message>
    </channel>
</channels>