<?xml version="1.0" ?>
<channels>
    <channel>
        <guid>341BFEA0-2312-11DF-B6B1-B7B256D89593</guid>
        <name>RadionNL</name>
        <description>Alle Nederlandse radio's using BigFoot87's stream collection</description>
        <icon>radionllarge.png</icon>
        <iconlarge>radionllarge.png</iconlarge>
        <channelcode>radionl</channelcode>
        <sortorder>9</sortorder>
        <language>nl</language>
        <compatible>Environments.All</compatible>
    </channel>
</channels>